#
# There is insufficient memory for the Java Runtime Environment to continue.
# Native memory allocation (mmap) failed to map 390070272 bytes. Error detail: G1 virtual space
# Possible reasons:
#   The system is out of physical RAM or swap space
#   This process is running with CompressedOops enabled, and the Java Heap may be blocking the growth of the native heap
# Possible solutions:
#   Reduce memory load on the system
#   Increase physical memory or swap space
#   Check if swap backing store is full
#   Decrease Java heap size (-Xmx/-Xms)
#   Decrease number of Java threads
#   Decrease Java thread stack sizes (-Xss)
#   Set larger code cache with -XX:ReservedCodeCacheSize=
#   JVM is running with Unscaled Compressed Oops mode in which the Java heap is
#     placed in the first 4GB address space. The Java Heap base address is the
#     maximum limit for the native heap growth. Please use -XX:HeapBaseMinAddress
#     to set the Java Heap base and to place the Java Heap above 4GB virtual address.
# This output file may be truncated or incomplete.
#
#  Out of Memory Error (os_windows.cpp:3690), pid=30048, tid=16660
#
# JRE version: OpenJDK Runtime Environment Microsoft-13877129 (17.0.19+10) (build 17.0.19+10-LTS)
# Java VM: OpenJDK 64-Bit Server VM Microsoft-13877129 (17.0.19+10-LTS, mixed mode, emulated-client, sharing, tiered, compressed oops, compressed class ptrs, g1 gc, windows-amd64)
# No core dump will be written. Minidumps are not enabled by default on client versions of Windows
#

---------------  S U M M A R Y ------------

Command Line: -XX:TieredStopAtLevel=1 -Dspring.output.ansi.enabled=always -javaagent:C:\Program Files\JetBrains\IntelliJ IDEA 2025.2.3\lib\idea_rt.jar=61675 -Dfile.encoding=UTF-8 com.Control.Inventario.InventarioApplication

Host: AMD Ryzen 5 3500U with Radeon Vega Mobile Gfx  , 8 cores, 5G,  Windows 11 , 64 bit Build 26100 (10.0.26100.8875)
Time: Mon Jul 27 16:15:35 2026 Hora estándar de Argentina elapsed time: 30.065866 seconds (0d 0h 0m 30s)

---------------  T H R E A D  ---------------

Current thread (0x0000022b4b691db0):  VMThread "VM Thread" [stack: 0x000000fdabc00000,0x000000fdabd00000] [id=16660]

Stack: [0x000000fdabc00000,0x000000fdabd00000]
Native frames: (J=compiled Java code, j=interpreted, Vv=VM code, C=native code)
V  [jvm.dll+0x68cc89]  (no source info available)
V  [jvm.dll+0x845d89]  (no source info available)
V  [jvm.dll+0x847af8]  (no source info available)
V  [jvm.dll+0x848183]  (no source info available)
V  [jvm.dll+0x24d0bf]  (no source info available)
V  [jvm.dll+0x68c089]  (no source info available)
V  [jvm.dll+0x68064a]  (no source info available)
V  [jvm.dll+0x3102f0]  (no source info available)
V  [jvm.dll+0x310192]  (no source info available)
V  [jvm.dll+0x317709]  (no source info available)
V  [jvm.dll+0x369b09]  (no source info available)
V  [jvm.dll+0x369d3d]  (no source info available)
V  [jvm.dll+0x2e6afa]  (no source info available)
V  [jvm.dll+0x2e4ef1]  (no source info available)
V  [jvm.dll+0x2e468c]  (no source info available)
V  [jvm.dll+0x32903b]  (no source info available)
V  [jvm.dll+0x84ca0d]  (no source info available)
V  [jvm.dll+0x84d723]  (no source info available)
V  [jvm.dll+0x84dc54]  (no source info available)
V  [jvm.dll+0x84e038]  (no source info available)
V  [jvm.dll+0x84e12e]  (no source info available)
V  [jvm.dll+0x7f62cc]  (no source info available)
V  [jvm.dll+0x68e227]  (no source info available)
C  [ucrtbase.dll+0x2cd30]  (no source info available)
C  [KERNEL32.DLL+0x2e957]  (no source info available)
C  [ntdll.dll+0xaad6c]  (no source info available)

VM_Operation (0x000000fdab6f7ec0): G1CollectForAllocation, mode: safepoint, requested by thread 0x0000022b385ebc30


---------------  P R O C E S S  ---------------

Threads class SMR info:
_java_thread_list=0x0000022b9254fb10, length=17, elements={
0x0000022b385ebc30, 0x0000022b4b697300, 0x0000022b4b697ec0, 0x0000022b4b6ab720,
0x0000022b4b6ae4f0, 0x0000022b4b6b0ec0, 0x0000022b4b6b1880, 0x0000022b4b6b57f0,
0x0000022b4b6b8810, 0x0000022b4b6825e0, 0x0000022b910cad90, 0x0000022b910cb270,
0x0000022b91ed6510, 0x0000022b91a7bf60, 0x0000022b928324a0, 0x0000022b928329b0,
0x0000022b928338e0
}

Java Threads: ( => current thread )
  0x0000022b385ebc30 JavaThread "main" [_thread_blocked, id=30584, stack(0x000000fdab600000,0x000000fdab700000)]
  0x0000022b4b697300 JavaThread "Reference Handler" daemon [_thread_blocked, id=26512, stack(0x000000fdabd00000,0x000000fdabe00000)]
  0x0000022b4b697ec0 JavaThread "Finalizer" daemon [_thread_blocked, id=19616, stack(0x000000fdabe00000,0x000000fdabf00000)]
  0x0000022b4b6ab720 JavaThread "Signal Dispatcher" daemon [_thread_blocked, id=22428, stack(0x000000fdabf00000,0x000000fdac000000)]
  0x0000022b4b6ae4f0 JavaThread "Attach Listener" daemon [_thread_blocked, id=1648, stack(0x000000fdac000000,0x000000fdac100000)]
  0x0000022b4b6b0ec0 JavaThread "Service Thread" daemon [_thread_blocked, id=18352, stack(0x000000fdac100000,0x000000fdac200000)]
  0x0000022b4b6b1880 JavaThread "Monitor Deflation Thread" daemon [_thread_blocked, id=12460, stack(0x000000fdac200000,0x000000fdac300000)]
  0x0000022b4b6b57f0 JavaThread "C1 CompilerThread0" daemon [_thread_blocked, id=17048, stack(0x000000fdac300000,0x000000fdac400000)]
  0x0000022b4b6b8810 JavaThread "Sweeper thread" daemon [_thread_blocked, id=16296, stack(0x000000fdac400000,0x000000fdac500000)]
  0x0000022b4b6825e0 JavaThread "Common-Cleaner" daemon [_thread_blocked, id=4724, stack(0x000000fdac500000,0x000000fdac600000)]
  0x0000022b910cad90 JavaThread "Monitor Ctrl-Break" daemon [_thread_in_native, id=10968, stack(0x000000fdac700000,0x000000fdac800000)]
  0x0000022b910cb270 JavaThread "Notification Thread" daemon [_thread_blocked, id=26712, stack(0x000000fdac800000,0x000000fdac900000)]
  0x0000022b91ed6510 JavaThread "mysql-cj-abandoned-connection-cleanup" daemon [_thread_blocked, id=13580, stack(0x000000fdad200000,0x000000fdad300000)]
  0x0000022b91a7bf60 JavaThread "HikariPool-1:housekeeper" daemon [_thread_blocked, id=16352, stack(0x000000fdad400000,0x000000fdad500000)]
  0x0000022b928324a0 JavaThread "Catalina-utility-1" [_thread_blocked, id=7160, stack(0x000000fdad500000,0x000000fdad600000)]
  0x0000022b928329b0 JavaThread "Catalina-utility-2" [_thread_blocked, id=24192, stack(0x000000fdad800000,0x000000fdad900000)]
  0x0000022b928338e0 JavaThread "container-0" [_thread_blocked, id=26792, stack(0x000000fdad900000,0x000000fdada00000)]

Other Threads:
=>0x0000022b4b691db0 VMThread "VM Thread" [stack: 0x000000fdabc00000,0x000000fdabd00000] [id=16660]
  0x0000022b385ecab0 WatcherThread [stack: 0x000000fdac900000,0x000000fdaca00000] [id=11840]
  0x0000022b3863a870 GCTaskThread "GC Thread#0" [stack: 0x000000fdab700000,0x000000fdab800000] [id=22576]
  0x0000022b91402fd0 GCTaskThread "GC Thread#1" [stack: 0x000000fdaca00000,0x000000fdacb00000] [id=28328]
  0x0000022b91538990 GCTaskThread "GC Thread#2" [stack: 0x000000fdacb00000,0x000000fdacc00000] [id=4080]
  0x0000022b91538c60 GCTaskThread "GC Thread#3" [stack: 0x000000fdacc00000,0x000000fdacd00000] [id=3732]
  0x0000022b9153d550 GCTaskThread "GC Thread#4" [stack: 0x000000fdacd00000,0x000000fdace00000] [id=21140]
  0x0000022b91742860 GCTaskThread "GC Thread#5" [stack: 0x000000fdacf00000,0x000000fdad000000] [id=18664]
  0x0000022b91741a50 GCTaskThread "GC Thread#6" [stack: 0x000000fdad000000,0x000000fdad100000] [id=21460]
  0x0000022b91741d20 GCTaskThread "GC Thread#7" [stack: 0x000000fdad100000,0x000000fdad200000] [id=7296]
  0x0000022b38649400 ConcurrentGCThread "G1 Main Marker" [stack: 0x000000fdab800000,0x000000fdab900000] [id=28940]
  0x0000022b3864a5c0 ConcurrentGCThread "G1 Conc#0" [stack: 0x000000fdab900000,0x000000fdaba00000] [id=11416]
  0x0000022b91740c40 ConcurrentGCThread "G1 Conc#1" [stack: 0x000000fdace00000,0x000000fdacf00000] [id=13844]
  0x0000022b3868e350 ConcurrentGCThread "G1 Refine#0" [stack: 0x000000fdaba00000,0x000000fdabb00000] [id=27628]
  0x0000022b9319f6c0 ConcurrentGCThread "G1 Refine#1" [stack: 0x000000fdada00000,0x000000fdadb00000] [id=6892]
  0x0000022b92d40c60 ConcurrentGCThread "G1 Refine#2" [stack: 0x000000fdadb00000,0x000000fdadc00000] [id=28644]
  0x0000022b931cd1f0 ConcurrentGCThread "G1 Refine#3" [stack: 0x000000fdadc00000,0x000000fdadd00000] [id=29204]
  0x0000022b9320c610 ConcurrentGCThread "G1 Refine#4" [stack: 0x000000fdad600000,0x000000fdad700000] [id=25080]
  0x0000022b3868ec30 ConcurrentGCThread "G1 Service" [stack: 0x000000fdabb00000,0x000000fdabc00000] [id=12044]

Threads with active compile tasks:

VM state: at safepoint (normal execution)

VM Mutex/Monitor currently owned by a thread:  ([mutex/lock_event])
[0x0000022b385e6dd0] Threads_lock - owner thread: 0x0000022b4b691db0
[0x0000022b385e6830] Heap_lock - owner thread: 0x0000022b385ebc30

Heap address: 0x00000000a0c00000, size: 1524 MB, Compressed Oops mode: 32-bit

CDS archive(s) mapped at: [0x0000022b4c000000-0x0000022b4cbb0000-0x0000022b4cbb0000), size 12255232, SharedBaseAddress: 0x0000022b4c000000, ArchiveRelocationMode: 1.
Compressed class space mapped at: 0x0000022b4d000000-0x0000022b8d000000, reserved size: 1073741824
Narrow klass base: 0x0000022b4c000000, Narrow klass shift: 0, Narrow klass range: 0x100000000

GC Precious Log:
 CPUs: 8 total, 8 available
 Memory: 6090M
 Large Page Support: Disabled
 NUMA Support: Disabled
 Compressed Oops: Enabled (32-bit)
 Heap Region Size: 1M
 Heap Min Capacity: 8M
 Heap Initial Capacity: 96M
 Heap Max Capacity: 1524M
 Pre-touch: Disabled
 Parallel Workers: 8
 Concurrent Workers: 2
 Concurrent Refinement Workers: 8
 Periodic GC: Disabled

Heap:
 garbage-first heap   total 560128K, used 135483K [0x00000000a0c00000, 0x0000000100000000)
  region size 1024K, 4 young (4096K), 4 survivors (4096K)
 Metaspace       used 66897K, committed 67584K, reserved 1114112K
  class space    used 10038K, committed 10368K, reserved 1048576K

Heap Regions: E=young(eden), S=young(survivor), O=old, HS=humongous(starts), HC=humongous(continues), CS=collection set, F=free, OA=open archive, CA=closed archive, TAMS=top-at-mark-start (previous, next)
|   0|0x00000000a0c00000, 0x00000000a0d00000, 0x00000000a0d00000|100%|HS|  |TAMS 0x00000000a0d00000, 0x00000000a0c00000| Complete 
|   1|0x00000000a0d00000, 0x00000000a0e00000, 0x00000000a0e00000|100%|HS|  |TAMS 0x00000000a0e00000, 0x00000000a0d00000| Complete 
|   2|0x00000000a0e00000, 0x00000000a0f00000, 0x00000000a0f00000|100%| O|  |TAMS 0x00000000a0f00000, 0x00000000a0e00000| Untracked 
|   3|0x00000000a0f00000, 0x00000000a1000000, 0x00000000a1000000|100%| O|  |TAMS 0x00000000a1000000, 0x00000000a0f00000| Untracked 
|   4|0x00000000a1000000, 0x00000000a1100000, 0x00000000a1100000|100%| O|  |TAMS 0x00000000a1100000, 0x00000000a1000000| Untracked 
|   5|0x00000000a1100000, 0x00000000a1200000, 0x00000000a1200000|100%| O|  |TAMS 0x00000000a1200000, 0x00000000a1100000| Untracked 
|   6|0x00000000a1200000, 0x00000000a1300000, 0x00000000a1300000|100%| O|  |TAMS 0x00000000a1300000, 0x00000000a1200000| Untracked 
|   7|0x00000000a1300000, 0x00000000a1400000, 0x00000000a1400000|100%| O|  |TAMS 0x00000000a1400000, 0x00000000a1300000| Untracked 
|   8|0x00000000a1400000, 0x00000000a1500000, 0x00000000a1500000|100%| O|  |TAMS 0x00000000a1500000, 0x00000000a1400000| Untracked 
|   9|0x00000000a1500000, 0x00000000a1600000, 0x00000000a1600000|100%| O|  |TAMS 0x00000000a1600000, 0x00000000a1500000| Untracked 
|  10|0x00000000a1600000, 0x00000000a1700000, 0x00000000a1700000|100%| O|  |TAMS 0x00000000a1700000, 0x00000000a1600000| Untracked 
|  11|0x00000000a1700000, 0x00000000a1800000, 0x00000000a1800000|100%| O|  |TAMS 0x00000000a1800000, 0x00000000a1700000| Untracked 
|  12|0x00000000a1800000, 0x00000000a1900000, 0x00000000a1900000|100%| O|  |TAMS 0x00000000a1900000, 0x00000000a1800000| Untracked 
|  13|0x00000000a1900000, 0x00000000a1a00000, 0x00000000a1a00000|100%| O|  |TAMS 0x00000000a1a00000, 0x00000000a1900000| Untracked 
|  14|0x00000000a1a00000, 0x00000000a1b00000, 0x00000000a1b00000|100%| O|  |TAMS 0x00000000a1b00000, 0x00000000a1a00000| Untracked 
|  15|0x00000000a1b00000, 0x00000000a1c00000, 0x00000000a1c00000|100%| O|  |TAMS 0x00000000a1c00000, 0x00000000a1b00000| Untracked 
|  16|0x00000000a1c00000, 0x00000000a1d00000, 0x00000000a1d00000|100%| O|  |TAMS 0x00000000a1d00000, 0x00000000a1c00000| Untracked 
|  17|0x00000000a1d00000, 0x00000000a1e00000, 0x00000000a1e00000|100%| O|  |TAMS 0x00000000a1e00000, 0x00000000a1d00000| Untracked 
|  18|0x00000000a1e00000, 0x00000000a1f00000, 0x00000000a1f00000|100%| O|  |TAMS 0x00000000a1f00000, 0x00000000a1e00000| Untracked 
|  19|0x00000000a1f00000, 0x00000000a2000000, 0x00000000a2000000|100%| O|  |TAMS 0x00000000a2000000, 0x00000000a1f00000| Untracked 
|  20|0x00000000a2000000, 0x00000000a2100000, 0x00000000a2100000|100%| O|  |TAMS 0x00000000a2100000, 0x00000000a2000000| Untracked 
|  21|0x00000000a2100000, 0x00000000a2200000, 0x00000000a2200000|100%| O|  |TAMS 0x00000000a2200000, 0x00000000a2100000| Untracked 
|  22|0x00000000a2200000, 0x00000000a2300000, 0x00000000a2300000|100%| O|  |TAMS 0x00000000a2200000, 0x00000000a2200000| Untracked 
|  23|0x00000000a2300000, 0x00000000a2400000, 0x00000000a2400000|100%| O|  |TAMS 0x00000000a2400000, 0x00000000a2300000| Untracked 
|  24|0x00000000a2400000, 0x00000000a2500000, 0x00000000a2500000|100%| O|  |TAMS 0x00000000a2500000, 0x00000000a2400000| Untracked 
|  25|0x00000000a2500000, 0x00000000a2600000, 0x00000000a2600000|100%| O|  |TAMS 0x00000000a2600000, 0x00000000a2500000| Untracked 
|  26|0x00000000a2600000, 0x00000000a2700000, 0x00000000a2700000|100%| O|  |TAMS 0x00000000a2700000, 0x00000000a2600000| Untracked 
|  27|0x00000000a2700000, 0x00000000a2800000, 0x00000000a2800000|100%| O|  |TAMS 0x00000000a2800000, 0x00000000a2700000| Untracked 
|  28|0x00000000a2800000, 0x00000000a2900000, 0x00000000a2900000|100%| O|  |TAMS 0x00000000a2900000, 0x00000000a2800000| Untracked 
|  29|0x00000000a2900000, 0x00000000a2a00000, 0x00000000a2a00000|100%| O|  |TAMS 0x00000000a2a00000, 0x00000000a2900000| Untracked 
|  30|0x00000000a2a00000, 0x00000000a2b00000, 0x00000000a2b00000|100%| O|  |TAMS 0x00000000a2b00000, 0x00000000a2a00000| Untracked 
|  31|0x00000000a2b00000, 0x00000000a2c00000, 0x00000000a2c00000|100%| O|  |TAMS 0x00000000a2c00000, 0x00000000a2b00000| Untracked 
|  32|0x00000000a2c00000, 0x00000000a2d00000, 0x00000000a2d00000|100%| O|  |TAMS 0x00000000a2d00000, 0x00000000a2c00000| Untracked 
|  33|0x00000000a2d00000, 0x00000000a2e00000, 0x00000000a2e00000|100%| O|  |TAMS 0x00000000a2e00000, 0x00000000a2d00000| Untracked 
|  34|0x00000000a2e00000, 0x00000000a2f00000, 0x00000000a2f00000|100%| O|  |TAMS 0x00000000a2f00000, 0x00000000a2e00000| Untracked 
|  35|0x00000000a2f00000, 0x00000000a3000000, 0x00000000a3000000|100%| O|  |TAMS 0x00000000a3000000, 0x00000000a2f00000| Untracked 
|  36|0x00000000a3000000, 0x00000000a3100000, 0x00000000a3100000|100%| O|  |TAMS 0x00000000a3100000, 0x00000000a3000000| Untracked 
|  37|0x00000000a3100000, 0x00000000a3200000, 0x00000000a3200000|100%| O|  |TAMS 0x00000000a3100000, 0x00000000a3100000| Untracked 
|  38|0x00000000a3200000, 0x00000000a3300000, 0x00000000a3300000|100%| O|  |TAMS 0x00000000a3200000, 0x00000000a3200000| Untracked 
|  39|0x00000000a3300000, 0x00000000a3400000, 0x00000000a3400000|100%| O|  |TAMS 0x00000000a3300000, 0x00000000a3300000| Untracked 
|  40|0x00000000a3400000, 0x00000000a3500000, 0x00000000a3500000|100%|HS|  |TAMS 0x00000000a3500000, 0x00000000a3400000| Complete 
|  41|0x00000000a3500000, 0x00000000a3600000, 0x00000000a3600000|100%| O|  |TAMS 0x00000000a3500000, 0x00000000a3500000| Untracked 
|  42|0x00000000a3600000, 0x00000000a3700000, 0x00000000a3700000|100%| O|  |TAMS 0x00000000a3600000, 0x00000000a3600000| Untracked 
|  43|0x00000000a3700000, 0x00000000a3800000, 0x00000000a3800000|100%| O|  |TAMS 0x00000000a3700000, 0x00000000a3700000| Untracked 
|  44|0x00000000a3800000, 0x00000000a3900000, 0x00000000a3900000|100%| O|  |TAMS 0x00000000a3800000, 0x00000000a3800000| Untracked 
|  45|0x00000000a3900000, 0x00000000a3a00000, 0x00000000a3a00000|100%| O|  |TAMS 0x00000000a3900000, 0x00000000a3900000| Untracked 
|  46|0x00000000a3a00000, 0x00000000a3b00000, 0x00000000a3b00000|100%| O|  |TAMS 0x00000000a3a00000, 0x00000000a3a00000| Untracked 
|  47|0x00000000a3b00000, 0x00000000a3c00000, 0x00000000a3c00000|100%| O|  |TAMS 0x00000000a3b00000, 0x00000000a3b00000| Untracked 
|  48|0x00000000a3c00000, 0x00000000a3d00000, 0x00000000a3d00000|100%| O|  |TAMS 0x00000000a3c00000, 0x00000000a3c00000| Untracked 
|  49|0x00000000a3d00000, 0x00000000a3e00000, 0x00000000a3e00000|100%| O|  |TAMS 0x00000000a3e00000, 0x00000000a3d00000| Untracked 
|  50|0x00000000a3e00000, 0x00000000a3f00000, 0x00000000a3f00000|100%| O|  |TAMS 0x00000000a3f00000, 0x00000000a3e00000| Untracked 
|  51|0x00000000a3f00000, 0x00000000a4000000, 0x00000000a4000000|100%| O|  |TAMS 0x00000000a3f00000, 0x00000000a3f00000| Untracked 
|  52|0x00000000a4000000, 0x00000000a4100000, 0x00000000a4100000|100%| O|  |TAMS 0x00000000a4000000, 0x00000000a4000000| Untracked 
|  53|0x00000000a4100000, 0x00000000a4200000, 0x00000000a4200000|100%| O|  |TAMS 0x00000000a4100000, 0x00000000a4100000| Untracked 
|  54|0x00000000a4200000, 0x00000000a4300000, 0x00000000a4300000|100%| O|  |TAMS 0x00000000a4200000, 0x00000000a4200000| Untracked 
|  55|0x00000000a4300000, 0x00000000a4400000, 0x00000000a4400000|100%| O|  |TAMS 0x00000000a4300000, 0x00000000a4300000| Untracked 
|  56|0x00000000a4400000, 0x00000000a4500000, 0x00000000a4500000|100%| O|  |TAMS 0x00000000a4400000, 0x00000000a4400000| Untracked 
|  57|0x00000000a4500000, 0x00000000a4600000, 0x00000000a4600000|100%| O|  |TAMS 0x00000000a4500000, 0x00000000a4500000| Untracked 
|  58|0x00000000a4600000, 0x00000000a4700000, 0x00000000a4700000|100%| O|  |TAMS 0x00000000a4600000, 0x00000000a4600000| Untracked 
|  59|0x00000000a4700000, 0x00000000a4800000, 0x00000000a4800000|100%| O|  |TAMS 0x00000000a4700000, 0x00000000a4700000| Untracked 
|  60|0x00000000a4800000, 0x00000000a4900000, 0x00000000a4900000|100%| O|  |TAMS 0x00000000a4800000, 0x00000000a4800000| Untracked 
|  61|0x00000000a4900000, 0x00000000a4a00000, 0x00000000a4a00000|100%| O|  |TAMS 0x00000000a4a00000, 0x00000000a4900000| Untracked 
|  62|0x00000000a4a00000, 0x00000000a4b00000, 0x00000000a4b00000|100%|HS|  |TAMS 0x00000000a4a00000, 0x00000000a4a00000| Complete 
|  63|0x00000000a4b00000, 0x00000000a4c00000, 0x00000000a4c00000|100%|HC|  |TAMS 0x00000000a4b00000, 0x00000000a4b00000| Complete 
|  64|0x00000000a4c00000, 0x00000000a4d00000, 0x00000000a4d00000|100%|HC|  |TAMS 0x00000000a4c00000, 0x00000000a4c00000| Complete 
|  65|0x00000000a4d00000, 0x00000000a4e00000, 0x00000000a4e00000|100%| O|  |TAMS 0x00000000a4d00000, 0x00000000a4d00000| Untracked 
|  66|0x00000000a4e00000, 0x00000000a4f00000, 0x00000000a4f00000|100%| O|  |TAMS 0x00000000a4e00000, 0x00000000a4e00000| Untracked 
|  67|0x00000000a4f00000, 0x00000000a5000000, 0x00000000a5000000|100%| O|  |TAMS 0x00000000a5000000, 0x00000000a4f00000| Untracked 
|  68|0x00000000a5000000, 0x00000000a5100000, 0x00000000a5100000|100%| O|  |TAMS 0x00000000a5000000, 0x00000000a5000000| Untracked 
|  69|0x00000000a5100000, 0x00000000a5200000, 0x00000000a5200000|100%| O|  |TAMS 0x00000000a5100000, 0x00000000a5100000| Untracked 
|  70|0x00000000a5200000, 0x00000000a5300000, 0x00000000a5300000|100%| O|  |TAMS 0x00000000a5200000, 0x00000000a5200000| Untracked 
|  71|0x00000000a5300000, 0x00000000a5400000, 0x00000000a5400000|100%| O|  |TAMS 0x00000000a5300000, 0x00000000a5300000| Untracked 
|  72|0x00000000a5400000, 0x00000000a5500000, 0x00000000a5500000|100%| O|  |TAMS 0x00000000a5400000, 0x00000000a5400000| Untracked 
|  73|0x00000000a5500000, 0x00000000a5600000, 0x00000000a5600000|100%| O|  |TAMS 0x00000000a5500000, 0x00000000a5500000| Untracked 
|  74|0x00000000a5600000, 0x00000000a5700000, 0x00000000a5700000|100%| O|  |TAMS 0x00000000a5600000, 0x00000000a5600000| Untracked 
|  75|0x00000000a5700000, 0x00000000a5800000, 0x00000000a5800000|100%| O|  |TAMS 0x00000000a5700000, 0x00000000a5700000| Untracked 
|  76|0x00000000a5800000, 0x00000000a5900000, 0x00000000a5900000|100%| O|  |TAMS 0x00000000a5900000, 0x00000000a5800000| Untracked 
|  77|0x00000000a5900000, 0x00000000a5a00000, 0x00000000a5a00000|100%| O|  |TAMS 0x00000000a5a00000, 0x00000000a5900000| Untracked 
|  78|0x00000000a5a00000, 0x00000000a5b00000, 0x00000000a5b00000|100%| O|  |TAMS 0x00000000a5b00000, 0x00000000a5a00000| Untracked 
|  79|0x00000000a5b00000, 0x00000000a5c00000, 0x00000000a5c00000|100%| O|  |TAMS 0x00000000a5c00000, 0x00000000a5b00000| Untracked 
|  80|0x00000000a5c00000, 0x00000000a5d00000, 0x00000000a5d00000|100%| O|  |TAMS 0x00000000a5d00000, 0x00000000a5c00000| Untracked 
|  81|0x00000000a5d00000, 0x00000000a5e00000, 0x00000000a5e00000|100%| O|  |TAMS 0x00000000a5e00000, 0x00000000a5d00000| Untracked 
|  82|0x00000000a5e00000, 0x00000000a5f00000, 0x00000000a5f00000|100%| O|  |TAMS 0x00000000a5f00000, 0x00000000a5e00000| Untracked 
|  83|0x00000000a5f00000, 0x00000000a6000000, 0x00000000a6000000|100%| O|  |TAMS 0x00000000a6000000, 0x00000000a5f00000| Untracked 
|  84|0x00000000a6000000, 0x00000000a6100000, 0x00000000a6100000|100%| O|  |TAMS 0x00000000a6100000, 0x00000000a6000000| Untracked 
|  85|0x00000000a6100000, 0x00000000a6200000, 0x00000000a6200000|100%| O|  |TAMS 0x00000000a6200000, 0x00000000a6100000| Untracked 
|  86|0x00000000a6200000, 0x00000000a6300000, 0x00000000a6300000|100%| O|  |TAMS 0x00000000a6300000, 0x00000000a6200000| Untracked 
|  87|0x00000000a6300000, 0x00000000a6400000, 0x00000000a6400000|100%| O|  |TAMS 0x00000000a6400000, 0x00000000a6300000| Untracked 
|  88|0x00000000a6400000, 0x00000000a6500000, 0x00000000a6500000|100%| O|  |TAMS 0x00000000a6500000, 0x00000000a6400000| Untracked 
|  89|0x00000000a6500000, 0x00000000a6600000, 0x00000000a6600000|100%| O|  |TAMS 0x00000000a6600000, 0x00000000a6500000| Untracked 
|  90|0x00000000a6600000, 0x00000000a6700000, 0x00000000a6700000|100%| O|  |TAMS 0x00000000a6700000, 0x00000000a6600000| Untracked 
|  91|0x00000000a6700000, 0x00000000a6800000, 0x00000000a6800000|100%| O|  |TAMS 0x00000000a6800000, 0x00000000a6700000| Untracked 
|  92|0x00000000a6800000, 0x00000000a6900000, 0x00000000a6900000|100%| O|  |TAMS 0x00000000a6900000, 0x00000000a6800000| Untracked 
|  93|0x00000000a6900000, 0x00000000a6a00000, 0x00000000a6a00000|100%| O|  |TAMS 0x00000000a6a00000, 0x00000000a6900000| Untracked 
|  94|0x00000000a6a00000, 0x00000000a6b00000, 0x00000000a6b00000|100%| O|  |TAMS 0x00000000a6b00000, 0x00000000a6a00000| Untracked 
|  95|0x00000000a6b00000, 0x00000000a6c00000, 0x00000000a6c00000|100%| O|  |TAMS 0x00000000a6c00000, 0x00000000a6b00000| Untracked 
|  96|0x00000000a6c00000, 0x00000000a6d00000, 0x00000000a6d00000|100%| O|  |TAMS 0x00000000a6d00000, 0x00000000a6c00000| Untracked 
|  97|0x00000000a6d00000, 0x00000000a6e00000, 0x00000000a6e00000|100%| O|  |TAMS 0x00000000a6e00000, 0x00000000a6d00000| Untracked 
|  98|0x00000000a6e00000, 0x00000000a6f00000, 0x00000000a6f00000|100%| O|  |TAMS 0x00000000a6f00000, 0x00000000a6e00000| Untracked 
|  99|0x00000000a6f00000, 0x00000000a7000000, 0x00000000a7000000|100%| O|  |TAMS 0x00000000a7000000, 0x00000000a6f00000| Untracked 
| 100|0x00000000a7000000, 0x00000000a7100000, 0x00000000a7100000|100%| O|  |TAMS 0x00000000a7100000, 0x00000000a7000000| Untracked 
| 101|0x00000000a7100000, 0x00000000a7200000, 0x00000000a7200000|100%| O|  |TAMS 0x00000000a7200000, 0x00000000a7100000| Untracked 
| 102|0x00000000a7200000, 0x00000000a7300000, 0x00000000a7300000|100%| O|  |TAMS 0x00000000a7200000, 0x00000000a7200000| Untracked 
| 103|0x00000000a7300000, 0x00000000a7400000, 0x00000000a7400000|100%| O|  |TAMS 0x00000000a7400000, 0x00000000a7300000| Untracked 
| 104|0x00000000a7400000, 0x00000000a7500000, 0x00000000a7500000|100%| O|  |TAMS 0x00000000a7400000, 0x00000000a7400000| Untracked 
| 105|0x00000000a7500000, 0x00000000a7600000, 0x00000000a7600000|100%| O|  |TAMS 0x00000000a7500000, 0x00000000a7500000| Untracked 
| 106|0x00000000a7600000, 0x00000000a7700000, 0x00000000a7700000|100%| O|  |TAMS 0x00000000a7600000, 0x00000000a7600000| Untracked 
| 107|0x00000000a7700000, 0x00000000a7800000, 0x00000000a7800000|100%| O|  |TAMS 0x00000000a7700000, 0x00000000a7700000| Untracked 
| 108|0x00000000a7800000, 0x00000000a7900000, 0x00000000a7900000|100%| O|  |TAMS 0x00000000a7800000, 0x00000000a7800000| Untracked 
| 109|0x00000000a7900000, 0x00000000a7a00000, 0x00000000a7a00000|100%| O|  |TAMS 0x00000000a7900000, 0x00000000a7900000| Untracked 
| 110|0x00000000a7a00000, 0x00000000a7b00000, 0x00000000a7b00000|100%| O|  |TAMS 0x00000000a7a00000, 0x00000000a7a00000| Untracked 
| 111|0x00000000a7b00000, 0x00000000a7c00000, 0x00000000a7c00000|100%|HS|  |TAMS 0x00000000a7b00000, 0x00000000a7b00000| Complete 
| 112|0x00000000a7c00000, 0x00000000a7d00000, 0x00000000a7d00000|100%|HC|  |TAMS 0x00000000a7c00000, 0x00000000a7c00000| Complete 
| 113|0x00000000a7d00000, 0x00000000a7e00000, 0x00000000a7e00000|100%| O|  |TAMS 0x00000000a7d00000, 0x00000000a7d00000| Untracked 
| 114|0x00000000a7e00000, 0x00000000a7f00000, 0x00000000a7f00000|100%| O|  |TAMS 0x00000000a7e00000, 0x00000000a7e00000| Untracked 
| 115|0x00000000a7f00000, 0x00000000a8000000, 0x00000000a8000000|100%| O|  |TAMS 0x00000000a7f00000, 0x00000000a7f00000| Untracked 
| 116|0x00000000a8000000, 0x00000000a8100000, 0x00000000a8100000|100%| O|  |TAMS 0x00000000a8000000, 0x00000000a8000000| Untracked 
| 117|0x00000000a8100000, 0x00000000a8200000, 0x00000000a8200000|100%| O|  |TAMS 0x00000000a8100000, 0x00000000a8100000| Untracked 
| 118|0x00000000a8200000, 0x00000000a8300000, 0x00000000a8300000|100%| O|  |TAMS 0x00000000a8200000, 0x00000000a8200000| Untracked 
| 119|0x00000000a8300000, 0x00000000a8400000, 0x00000000a8400000|100%| O|  |TAMS 0x00000000a8300000, 0x00000000a8300000| Untracked 
| 120|0x00000000a8400000, 0x00000000a8500000, 0x00000000a8500000|100%| O|  |TAMS 0x00000000a8400000, 0x00000000a8400000| Untracked 
| 121|0x00000000a8500000, 0x00000000a8600000, 0x00000000a8600000|100%| O|  |TAMS 0x00000000a8500000, 0x00000000a8500000| Untracked 
| 122|0x00000000a8600000, 0x00000000a8700000, 0x00000000a8700000|100%| O|  |TAMS 0x00000000a8600000, 0x00000000a8600000| Untracked 
| 123|0x00000000a8700000, 0x00000000a8800000, 0x00000000a8800000|100%| O|  |TAMS 0x00000000a8700000, 0x00000000a8700000| Untracked 
| 124|0x00000000a8800000, 0x00000000a8900000, 0x00000000a8900000|100%| O|  |TAMS 0x00000000a8800000, 0x00000000a8800000| Untracked 
| 125|0x00000000a8900000, 0x00000000a8a00000, 0x00000000a8a00000|100%| O|  |TAMS 0x00000000a8900000, 0x00000000a8900000| Untracked 
| 126|0x00000000a8a00000, 0x00000000a8b00000, 0x00000000a8b00000|100%| O|  |TAMS 0x00000000a8a00000, 0x00000000a8a00000| Untracked 
| 127|0x00000000a8b00000, 0x00000000a8c00000, 0x00000000a8c00000|100%| O|  |TAMS 0x00000000a8b00000, 0x00000000a8b00000| Untracked 
| 128|0x00000000a8c00000, 0x00000000a8c4ee00, 0x00000000a8d00000| 30%| O|  |TAMS 0x00000000a8c00000, 0x00000000a8c00000| Untracked 
| 129|0x00000000a8d00000, 0x00000000a8d00000, 0x00000000a8e00000|  0%| F|  |TAMS 0x00000000a8d00000, 0x00000000a8d00000| Untracked 
| 130|0x00000000a8e00000, 0x00000000a8e00000, 0x00000000a8f00000|  0%| F|  |TAMS 0x00000000a8e00000, 0x00000000a8e00000| Untracked 
| 131|0x00000000a8f00000, 0x00000000a8f00000, 0x00000000a9000000|  0%| F|  |TAMS 0x00000000a8f00000, 0x00000000a8f00000| Untracked 
| 132|0x00000000a9000000, 0x00000000a9000000, 0x00000000a9100000|  0%| F|  |TAMS 0x00000000a9000000, 0x00000000a9000000| Untracked 
| 133|0x00000000a9100000, 0x00000000a9100000, 0x00000000a9200000|  0%| F|  |TAMS 0x00000000a9100000, 0x00000000a9100000| Untracked 
| 134|0x00000000a9200000, 0x00000000a9200000, 0x00000000a9300000|  0%| F|  |TAMS 0x00000000a9200000, 0x00000000a9200000| Untracked 
| 135|0x00000000a9300000, 0x00000000a9300000, 0x00000000a9400000|  0%| F|  |TAMS 0x00000000a9300000, 0x00000000a9300000| Untracked 
| 136|0x00000000a9400000, 0x00000000a9400000, 0x00000000a9500000|  0%| F|  |TAMS 0x00000000a9400000, 0x00000000a9400000| Untracked 
| 137|0x00000000a9500000, 0x00000000a9500000, 0x00000000a9600000|  0%| F|  |TAMS 0x00000000a9500000, 0x00000000a9500000| Untracked 
| 138|0x00000000a9600000, 0x00000000a9600000, 0x00000000a9700000|  0%| F|  |TAMS 0x00000000a9600000, 0x00000000a9600000| Untracked 
| 139|0x00000000a9700000, 0x00000000a9700000, 0x00000000a9800000|  0%| F|  |TAMS 0x00000000a9700000, 0x00000000a9700000| Untracked 
| 140|0x00000000a9800000, 0x00000000a9800000, 0x00000000a9900000|  0%| F|  |TAMS 0x00000000a9800000, 0x00000000a9800000| Untracked 
| 141|0x00000000a9900000, 0x00000000a9900000, 0x00000000a9a00000|  0%| F|  |TAMS 0x00000000a9900000, 0x00000000a9900000| Untracked 
| 142|0x00000000a9a00000, 0x00000000a9a00000, 0x00000000a9b00000|  0%| F|  |TAMS 0x00000000a9a00000, 0x00000000a9a00000| Untracked 
| 143|0x00000000a9b00000, 0x00000000a9b00000, 0x00000000a9c00000|  0%| F|  |TAMS 0x00000000a9b00000, 0x00000000a9b00000| Untracked 
| 144|0x00000000a9c00000, 0x00000000a9c00000, 0x00000000a9d00000|  0%| F|  |TAMS 0x00000000a9c00000, 0x00000000a9c00000| Untracked 
| 145|0x00000000a9d00000, 0x00000000a9d00000, 0x00000000a9e00000|  0%| F|  |TAMS 0x00000000a9d00000, 0x00000000a9d00000| Untracked 
| 146|0x00000000a9e00000, 0x00000000a9e00000, 0x00000000a9f00000|  0%| F|  |TAMS 0x00000000a9e00000, 0x00000000a9e00000| Untracked 
| 147|0x00000000a9f00000, 0x00000000a9f00000, 0x00000000aa000000|  0%| F|  |TAMS 0x00000000a9f00000, 0x00000000a9f00000| Untracked 
| 148|0x00000000aa000000, 0x00000000aa000000, 0x00000000aa100000|  0%| F|  |TAMS 0x00000000aa000000, 0x00000000aa000000| Untracked 
| 149|0x00000000aa100000, 0x00000000aa100000, 0x00000000aa200000|  0%| F|  |TAMS 0x00000000aa100000, 0x00000000aa100000| Untracked 
| 150|0x00000000aa200000, 0x00000000aa200000, 0x00000000aa300000|  0%| F|  |TAMS 0x00000000aa200000, 0x00000000aa200000| Untracked 
| 151|0x00000000aa300000, 0x00000000aa300000, 0x00000000aa400000|  0%| F|  |TAMS 0x00000000aa300000, 0x00000000aa300000| Untracked 
| 152|0x00000000aa400000, 0x00000000aa400000, 0x00000000aa500000|  0%| F|  |TAMS 0x00000000aa400000, 0x00000000aa400000| Untracked 
| 153|0x00000000aa500000, 0x00000000aa500000, 0x00000000aa600000|  0%| F|  |TAMS 0x00000000aa500000, 0x00000000aa500000| Untracked 
| 154|0x00000000aa600000, 0x00000000aa600000, 0x00000000aa700000|  0%| F|  |TAMS 0x00000000aa600000, 0x00000000aa600000| Untracked 
| 155|0x00000000aa700000, 0x00000000aa700000, 0x00000000aa800000|  0%| F|  |TAMS 0x00000000aa700000, 0x00000000aa700000| Untracked 
| 156|0x00000000aa800000, 0x00000000aa800000, 0x00000000aa900000|  0%| F|  |TAMS 0x00000000aa800000, 0x00000000aa800000| Untracked 
| 157|0x00000000aa900000, 0x00000000aa900000, 0x00000000aaa00000|  0%| F|  |TAMS 0x00000000aa900000, 0x00000000aa900000| Untracked 
| 158|0x00000000aaa00000, 0x00000000aaa00000, 0x00000000aab00000|  0%| F|  |TAMS 0x00000000aaa00000, 0x00000000aaa00000| Untracked 
| 159|0x00000000aab00000, 0x00000000aab00000, 0x00000000aac00000|  0%| F|  |TAMS 0x00000000aab00000, 0x00000000aab00000| Untracked 
| 160|0x00000000aac00000, 0x00000000aac00000, 0x00000000aad00000|  0%| F|  |TAMS 0x00000000aac00000, 0x00000000aac00000| Untracked 
| 161|0x00000000aad00000, 0x00000000aad00000, 0x00000000aae00000|  0%| F|  |TAMS 0x00000000aad00000, 0x00000000aad00000| Untracked 
| 162|0x00000000aae00000, 0x00000000aae00000, 0x00000000aaf00000|  0%| F|  |TAMS 0x00000000aae00000, 0x00000000aae00000| Untracked 
| 163|0x00000000aaf00000, 0x00000000aaf00000, 0x00000000ab000000|  0%| F|  |TAMS 0x00000000aaf00000, 0x00000000aaf00000| Untracked 
| 164|0x00000000ab000000, 0x00000000ab000000, 0x00000000ab100000|  0%| F|  |TAMS 0x00000000ab000000, 0x00000000ab000000| Untracked 
| 165|0x00000000ab100000, 0x00000000ab100000, 0x00000000ab200000|  0%| F|  |TAMS 0x00000000ab100000, 0x00000000ab100000| Untracked 
| 166|0x00000000ab200000, 0x00000000ab200000, 0x00000000ab300000|  0%| F|  |TAMS 0x00000000ab200000, 0x00000000ab200000| Untracked 
| 167|0x00000000ab300000, 0x00000000ab300000, 0x00000000ab400000|  0%| F|  |TAMS 0x00000000ab300000, 0x00000000ab300000| Untracked 
| 168|0x00000000ab400000, 0x00000000ab400000, 0x00000000ab500000|  0%| F|  |TAMS 0x00000000ab400000, 0x00000000ab400000| Untracked 
| 169|0x00000000ab500000, 0x00000000ab500000, 0x00000000ab600000|  0%| F|  |TAMS 0x00000000ab500000, 0x00000000ab500000| Untracked 
| 170|0x00000000ab600000, 0x00000000ab600000, 0x00000000ab700000|  0%| F|  |TAMS 0x00000000ab600000, 0x00000000ab600000| Untracked 
| 171|0x00000000ab700000, 0x00000000ab700000, 0x00000000ab800000|  0%| F|  |TAMS 0x00000000ab700000, 0x00000000ab700000| Untracked 
| 172|0x00000000ab800000, 0x00000000ab800000, 0x00000000ab900000|  0%| F|  |TAMS 0x00000000ab800000, 0x00000000ab800000| Untracked 
| 173|0x00000000ab900000, 0x00000000ab900000, 0x00000000aba00000|  0%| F|  |TAMS 0x00000000ab900000, 0x00000000ab900000| Untracked 
| 174|0x00000000aba00000, 0x00000000aba00000, 0x00000000abb00000|  0%| F|  |TAMS 0x00000000aba00000, 0x00000000aba00000| Untracked 
| 175|0x00000000abb00000, 0x00000000abb00000, 0x00000000abc00000|  0%| F|  |TAMS 0x00000000abb00000, 0x00000000abb00000| Untracked 
| 176|0x00000000abc00000, 0x00000000abc00000, 0x00000000abd00000|  0%| F|  |TAMS 0x00000000abc00000, 0x00000000abc00000| Untracked 
| 177|0x00000000abd00000, 0x00000000abd00000, 0x00000000abe00000|  0%| F|  |TAMS 0x00000000abd00000, 0x00000000abd00000| Untracked 
| 178|0x00000000abe00000, 0x00000000abe00000, 0x00000000abf00000|  0%| F|  |TAMS 0x00000000abe00000, 0x00000000abe00000| Untracked 
| 179|0x00000000abf00000, 0x00000000abf00000, 0x00000000ac000000|  0%| F|  |TAMS 0x00000000abf00000, 0x00000000abf00000| Untracked 
| 180|0x00000000ac000000, 0x00000000ac000000, 0x00000000ac100000|  0%| F|  |TAMS 0x00000000ac000000, 0x00000000ac000000| Untracked 
| 181|0x00000000ac100000, 0x00000000ac100000, 0x00000000ac200000|  0%| F|  |TAMS 0x00000000ac100000, 0x00000000ac100000| Untracked 
| 182|0x00000000ac200000, 0x00000000ac200000, 0x00000000ac300000|  0%| F|  |TAMS 0x00000000ac200000, 0x00000000ac200000| Untracked 
| 183|0x00000000ac300000, 0x00000000ac300000, 0x00000000ac400000|  0%| F|  |TAMS 0x00000000ac300000, 0x00000000ac300000| Untracked 
| 184|0x00000000ac400000, 0x00000000ac400000, 0x00000000ac500000|  0%| F|  |TAMS 0x00000000ac400000, 0x00000000ac400000| Untracked 
| 185|0x00000000ac500000, 0x00000000ac500000, 0x00000000ac600000|  0%| F|  |TAMS 0x00000000ac500000, 0x00000000ac500000| Untracked 
| 186|0x00000000ac600000, 0x00000000ac600000, 0x00000000ac700000|  0%| F|  |TAMS 0x00000000ac600000, 0x00000000ac600000| Untracked 
| 187|0x00000000ac700000, 0x00000000ac700000, 0x00000000ac800000|  0%| F|  |TAMS 0x00000000ac700000, 0x00000000ac700000| Untracked 
| 188|0x00000000ac800000, 0x00000000ac800000, 0x00000000ac900000|  0%| F|  |TAMS 0x00000000ac800000, 0x00000000ac800000| Untracked 
| 189|0x00000000ac900000, 0x00000000ac900000, 0x00000000aca00000|  0%| F|  |TAMS 0x00000000ac900000, 0x00000000ac900000| Untracked 
| 190|0x00000000aca00000, 0x00000000aca00000, 0x00000000acb00000|  0%| F|  |TAMS 0x00000000aca00000, 0x00000000aca00000| Untracked 
| 191|0x00000000acb00000, 0x00000000acb00000, 0x00000000acc00000|  0%| F|  |TAMS 0x00000000acb00000, 0x00000000acb00000| Untracked 
| 192|0x00000000acc00000, 0x00000000acc00000, 0x00000000acd00000|  0%| F|  |TAMS 0x00000000acc00000, 0x00000000acc00000| Untracked 
| 193|0x00000000acd00000, 0x00000000acd00000, 0x00000000ace00000|  0%| F|  |TAMS 0x00000000acd00000, 0x00000000acd00000| Untracked 
| 194|0x00000000ace00000, 0x00000000ace00000, 0x00000000acf00000|  0%| F|  |TAMS 0x00000000ace00000, 0x00000000ace00000| Untracked 
| 195|0x00000000acf00000, 0x00000000acf00000, 0x00000000ad000000|  0%| F|  |TAMS 0x00000000acf00000, 0x00000000acf00000| Untracked 
| 196|0x00000000ad000000, 0x00000000ad000000, 0x00000000ad100000|  0%| F|  |TAMS 0x00000000ad000000, 0x00000000ad000000| Untracked 
| 197|0x00000000ad100000, 0x00000000ad100000, 0x00000000ad200000|  0%| F|  |TAMS 0x00000000ad100000, 0x00000000ad100000| Untracked 
| 198|0x00000000ad200000, 0x00000000ad200000, 0x00000000ad300000|  0%| F|  |TAMS 0x00000000ad200000, 0x00000000ad200000| Untracked 
| 199|0x00000000ad300000, 0x00000000ad300000, 0x00000000ad400000|  0%| F|  |TAMS 0x00000000ad300000, 0x00000000ad300000| Untracked 
| 200|0x00000000ad400000, 0x00000000ad400000, 0x00000000ad500000|  0%| F|  |TAMS 0x00000000ad400000, 0x00000000ad400000| Untracked 
| 201|0x00000000ad500000, 0x00000000ad500000, 0x00000000ad600000|  0%| F|  |TAMS 0x00000000ad500000, 0x00000000ad500000| Untracked 
| 202|0x00000000ad600000, 0x00000000ad600000, 0x00000000ad700000|  0%| F|  |TAMS 0x00000000ad600000, 0x00000000ad600000| Untracked 
| 203|0x00000000ad700000, 0x00000000ad700000, 0x00000000ad800000|  0%| F|  |TAMS 0x00000000ad700000, 0x00000000ad700000| Untracked 
| 204|0x00000000ad800000, 0x00000000ad800000, 0x00000000ad900000|  0%| F|  |TAMS 0x00000000ad800000, 0x00000000ad800000| Untracked 
| 205|0x00000000ad900000, 0x00000000ad900000, 0x00000000ada00000|  0%| F|  |TAMS 0x00000000ad900000, 0x00000000ad900000| Untracked 
| 206|0x00000000ada00000, 0x00000000ada00000, 0x00000000adb00000|  0%| F|  |TAMS 0x00000000ada00000, 0x00000000ada00000| Untracked 
| 207|0x00000000adb00000, 0x00000000adb00000, 0x00000000adc00000|  0%| F|  |TAMS 0x00000000adb00000, 0x00000000adb00000| Untracked 
| 208|0x00000000adc00000, 0x00000000adc00000, 0x00000000add00000|  0%| F|  |TAMS 0x00000000adc00000, 0x00000000adc00000| Untracked 
| 209|0x00000000add00000, 0x00000000add00000, 0x00000000ade00000|  0%| F|  |TAMS 0x00000000add00000, 0x00000000add00000| Untracked 
| 210|0x00000000ade00000, 0x00000000ade00000, 0x00000000adf00000|  0%| F|  |TAMS 0x00000000ade00000, 0x00000000ade00000| Untracked 
| 211|0x00000000adf00000, 0x00000000adf00000, 0x00000000ae000000|  0%| F|  |TAMS 0x00000000adf00000, 0x00000000adf00000| Untracked 
| 212|0x00000000ae000000, 0x00000000ae000000, 0x00000000ae100000|  0%| F|  |TAMS 0x00000000ae000000, 0x00000000ae000000| Untracked 
| 213|0x00000000ae100000, 0x00000000ae100000, 0x00000000ae200000|  0%| F|  |TAMS 0x00000000ae100000, 0x00000000ae100000| Untracked 
| 214|0x00000000ae200000, 0x00000000ae200000, 0x00000000ae300000|  0%| F|  |TAMS 0x00000000ae200000, 0x00000000ae200000| Untracked 
| 215|0x00000000ae300000, 0x00000000ae300000, 0x00000000ae400000|  0%| F|  |TAMS 0x00000000ae300000, 0x00000000ae300000| Untracked 
| 216|0x00000000ae400000, 0x00000000ae400000, 0x00000000ae500000|  0%| F|  |TAMS 0x00000000ae400000, 0x00000000ae400000| Untracked 
| 217|0x00000000ae500000, 0x00000000ae500000, 0x00000000ae600000|  0%| F|  |TAMS 0x00000000ae500000, 0x00000000ae500000| Untracked 
| 218|0x00000000ae600000, 0x00000000ae600000, 0x00000000ae700000|  0%| F|  |TAMS 0x00000000ae600000, 0x00000000ae600000| Untracked 
| 219|0x00000000ae700000, 0x00000000ae700000, 0x00000000ae800000|  0%| F|  |TAMS 0x00000000ae700000, 0x00000000ae700000| Untracked 
| 220|0x00000000ae800000, 0x00000000ae800000, 0x00000000ae900000|  0%| F|  |TAMS 0x00000000ae800000, 0x00000000ae800000| Untracked 
| 221|0x00000000ae900000, 0x00000000ae900000, 0x00000000aea00000|  0%| F|  |TAMS 0x00000000ae900000, 0x00000000ae900000| Untracked 
| 222|0x00000000aea00000, 0x00000000aea00000, 0x00000000aeb00000|  0%| F|  |TAMS 0x00000000aea00000, 0x00000000aea00000| Untracked 
| 223|0x00000000aeb00000, 0x00000000aeb00000, 0x00000000aec00000|  0%| F|  |TAMS 0x00000000aeb00000, 0x00000000aeb00000| Untracked 
| 224|0x00000000aec00000, 0x00000000aec00000, 0x00000000aed00000|  0%| F|  |TAMS 0x00000000aec00000, 0x00000000aec00000| Untracked 
| 225|0x00000000aed00000, 0x00000000aed00000, 0x00000000aee00000|  0%| F|  |TAMS 0x00000000aed00000, 0x00000000aed00000| Untracked 
| 226|0x00000000aee00000, 0x00000000aee00000, 0x00000000aef00000|  0%| F|  |TAMS 0x00000000aee00000, 0x00000000aee00000| Untracked 
| 227|0x00000000aef00000, 0x00000000aef00000, 0x00000000af000000|  0%| F|  |TAMS 0x00000000aef00000, 0x00000000aef00000| Untracked 
| 228|0x00000000af000000, 0x00000000af000000, 0x00000000af100000|  0%| F|  |TAMS 0x00000000af000000, 0x00000000af000000| Untracked 
| 229|0x00000000af100000, 0x00000000af100000, 0x00000000af200000|  0%| F|  |TAMS 0x00000000af100000, 0x00000000af100000| Untracked 
| 230|0x00000000af200000, 0x00000000af200000, 0x00000000af300000|  0%| F|  |TAMS 0x00000000af200000, 0x00000000af200000| Untracked 
| 231|0x00000000af300000, 0x00000000af300000, 0x00000000af400000|  0%| F|  |TAMS 0x00000000af300000, 0x00000000af300000| Untracked 
| 232|0x00000000af400000, 0x00000000af400000, 0x00000000af500000|  0%| F|  |TAMS 0x00000000af400000, 0x00000000af400000| Untracked 
| 233|0x00000000af500000, 0x00000000af500000, 0x00000000af600000|  0%| F|  |TAMS 0x00000000af500000, 0x00000000af500000| Untracked 
| 234|0x00000000af600000, 0x00000000af600000, 0x00000000af700000|  0%| F|  |TAMS 0x00000000af600000, 0x00000000af600000| Untracked 
| 235|0x00000000af700000, 0x00000000af700000, 0x00000000af800000|  0%| F|  |TAMS 0x00000000af700000, 0x00000000af700000| Untracked 
| 236|0x00000000af800000, 0x00000000af800000, 0x00000000af900000|  0%| F|  |TAMS 0x00000000af800000, 0x00000000af800000| Untracked 
| 237|0x00000000af900000, 0x00000000af900000, 0x00000000afa00000|  0%| F|  |TAMS 0x00000000af900000, 0x00000000af900000| Untracked 
| 238|0x00000000afa00000, 0x00000000afa00000, 0x00000000afb00000|  0%| F|  |TAMS 0x00000000afa00000, 0x00000000afa00000| Untracked 
| 239|0x00000000afb00000, 0x00000000afb00000, 0x00000000afc00000|  0%| F|  |TAMS 0x00000000afb00000, 0x00000000afb00000| Untracked 
| 240|0x00000000afc00000, 0x00000000afc00000, 0x00000000afd00000|  0%| F|  |TAMS 0x00000000afc00000, 0x00000000afc00000| Untracked 
| 241|0x00000000afd00000, 0x00000000afd00000, 0x00000000afe00000|  0%| F|  |TAMS 0x00000000afd00000, 0x00000000afd00000| Untracked 
| 242|0x00000000afe00000, 0x00000000afe00000, 0x00000000aff00000|  0%| F|  |TAMS 0x00000000afe00000, 0x00000000afe00000| Untracked 
| 243|0x00000000aff00000, 0x00000000aff00000, 0x00000000b0000000|  0%| F|  |TAMS 0x00000000aff00000, 0x00000000aff00000| Untracked 
| 244|0x00000000b0000000, 0x00000000b0000000, 0x00000000b0100000|  0%| F|  |TAMS 0x00000000b0000000, 0x00000000b0000000| Untracked 
| 245|0x00000000b0100000, 0x00000000b0100000, 0x00000000b0200000|  0%| F|  |TAMS 0x00000000b0100000, 0x00000000b0100000| Untracked 
| 246|0x00000000b0200000, 0x00000000b0200000, 0x00000000b0300000|  0%| F|  |TAMS 0x00000000b0200000, 0x00000000b0200000| Untracked 
| 247|0x00000000b0300000, 0x00000000b0300000, 0x00000000b0400000|  0%| F|  |TAMS 0x00000000b0300000, 0x00000000b0300000| Untracked 
| 248|0x00000000b0400000, 0x00000000b0400000, 0x00000000b0500000|  0%| F|  |TAMS 0x00000000b0400000, 0x00000000b0400000| Untracked 
| 249|0x00000000b0500000, 0x00000000b0500000, 0x00000000b0600000|  0%| F|  |TAMS 0x00000000b0500000, 0x00000000b0500000| Untracked 
| 250|0x00000000b0600000, 0x00000000b0600000, 0x00000000b0700000|  0%| F|  |TAMS 0x00000000b0600000, 0x00000000b0600000| Untracked 
| 251|0x00000000b0700000, 0x00000000b0700000, 0x00000000b0800000|  0%| F|  |TAMS 0x00000000b0700000, 0x00000000b0700000| Untracked 
| 252|0x00000000b0800000, 0x00000000b0800000, 0x00000000b0900000|  0%| F|  |TAMS 0x00000000b0800000, 0x00000000b0800000| Untracked 
| 253|0x00000000b0900000, 0x00000000b0900000, 0x00000000b0a00000|  0%| F|  |TAMS 0x00000000b0900000, 0x00000000b0900000| Untracked 
| 254|0x00000000b0a00000, 0x00000000b0a00000, 0x00000000b0b00000|  0%| F|  |TAMS 0x00000000b0a00000, 0x00000000b0a00000| Untracked 
| 255|0x00000000b0b00000, 0x00000000b0b00000, 0x00000000b0c00000|  0%| F|  |TAMS 0x00000000b0b00000, 0x00000000b0b00000| Untracked 
| 256|0x00000000b0c00000, 0x00000000b0c00000, 0x00000000b0d00000|  0%| F|  |TAMS 0x00000000b0c00000, 0x00000000b0c00000| Untracked 
| 257|0x00000000b0d00000, 0x00000000b0d00000, 0x00000000b0e00000|  0%| F|  |TAMS 0x00000000b0d00000, 0x00000000b0d00000| Untracked 
| 258|0x00000000b0e00000, 0x00000000b0e00000, 0x00000000b0f00000|  0%| F|  |TAMS 0x00000000b0e00000, 0x00000000b0e00000| Untracked 
| 259|0x00000000b0f00000, 0x00000000b0f00000, 0x00000000b1000000|  0%| F|  |TAMS 0x00000000b0f00000, 0x00000000b0f00000| Untracked 
| 260|0x00000000b1000000, 0x00000000b1000000, 0x00000000b1100000|  0%| F|  |TAMS 0x00000000b1000000, 0x00000000b1000000| Untracked 
| 261|0x00000000b1100000, 0x00000000b1100000, 0x00000000b1200000|  0%| F|  |TAMS 0x00000000b1100000, 0x00000000b1100000| Untracked 
| 262|0x00000000b1200000, 0x00000000b1200000, 0x00000000b1300000|  0%| F|  |TAMS 0x00000000b1200000, 0x00000000b1200000| Untracked 
| 263|0x00000000b1300000, 0x00000000b1300000, 0x00000000b1400000|  0%| F|  |TAMS 0x00000000b1300000, 0x00000000b1300000| Untracked 
| 264|0x00000000b1400000, 0x00000000b1400000, 0x00000000b1500000|  0%| F|  |TAMS 0x00000000b1400000, 0x00000000b1400000| Untracked 
| 265|0x00000000b1500000, 0x00000000b1500000, 0x00000000b1600000|  0%| F|  |TAMS 0x00000000b1500000, 0x00000000b1500000| Untracked 
| 266|0x00000000b1600000, 0x00000000b1600000, 0x00000000b1700000|  0%| F|  |TAMS 0x00000000b1600000, 0x00000000b1600000| Untracked 
| 267|0x00000000b1700000, 0x00000000b1700000, 0x00000000b1800000|  0%| F|  |TAMS 0x00000000b1700000, 0x00000000b1700000| Untracked 
| 268|0x00000000b1800000, 0x00000000b1800000, 0x00000000b1900000|  0%| F|  |TAMS 0x00000000b1800000, 0x00000000b1800000| Untracked 
| 269|0x00000000b1900000, 0x00000000b1900000, 0x00000000b1a00000|  0%| F|  |TAMS 0x00000000b1900000, 0x00000000b1900000| Untracked 
| 270|0x00000000b1a00000, 0x00000000b1a00000, 0x00000000b1b00000|  0%| F|  |TAMS 0x00000000b1a00000, 0x00000000b1a00000| Untracked 
| 271|0x00000000b1b00000, 0x00000000b1b00000, 0x00000000b1c00000|  0%| F|  |TAMS 0x00000000b1b00000, 0x00000000b1b00000| Untracked 
| 272|0x00000000b1c00000, 0x00000000b1c00000, 0x00000000b1d00000|  0%| F|  |TAMS 0x00000000b1c00000, 0x00000000b1c00000| Untracked 
| 273|0x00000000b1d00000, 0x00000000b1d00000, 0x00000000b1e00000|  0%| F|  |TAMS 0x00000000b1d00000, 0x00000000b1d00000| Untracked 
| 274|0x00000000b1e00000, 0x00000000b1e00000, 0x00000000b1f00000|  0%| F|  |TAMS 0x00000000b1e00000, 0x00000000b1e00000| Untracked 
| 275|0x00000000b1f00000, 0x00000000b1f00000, 0x00000000b2000000|  0%| F|  |TAMS 0x00000000b1f00000, 0x00000000b1f00000| Untracked 
| 276|0x00000000b2000000, 0x00000000b2000000, 0x00000000b2100000|  0%| F|  |TAMS 0x00000000b2000000, 0x00000000b2000000| Untracked 
| 277|0x00000000b2100000, 0x00000000b2100000, 0x00000000b2200000|  0%| F|  |TAMS 0x00000000b2100000, 0x00000000b2100000| Untracked 
| 278|0x00000000b2200000, 0x00000000b2200000, 0x00000000b2300000|  0%| F|  |TAMS 0x00000000b2200000, 0x00000000b2200000| Untracked 
| 279|0x00000000b2300000, 0x00000000b2300000, 0x00000000b2400000|  0%| F|  |TAMS 0x00000000b2300000, 0x00000000b2300000| Untracked 
| 280|0x00000000b2400000, 0x00000000b2400000, 0x00000000b2500000|  0%| F|  |TAMS 0x00000000b2400000, 0x00000000b2400000| Untracked 
| 281|0x00000000b2500000, 0x00000000b2500000, 0x00000000b2600000|  0%| F|  |TAMS 0x00000000b2500000, 0x00000000b2500000| Untracked 
| 282|0x00000000b2600000, 0x00000000b2600000, 0x00000000b2700000|  0%| F|  |TAMS 0x00000000b2600000, 0x00000000b2600000| Untracked 
| 283|0x00000000b2700000, 0x00000000b2700000, 0x00000000b2800000|  0%| F|  |TAMS 0x00000000b2700000, 0x00000000b2700000| Untracked 
| 284|0x00000000b2800000, 0x00000000b2800000, 0x00000000b2900000|  0%| F|  |TAMS 0x00000000b2800000, 0x00000000b2800000| Untracked 
| 285|0x00000000b2900000, 0x00000000b2900000, 0x00000000b2a00000|  0%| F|  |TAMS 0x00000000b2900000, 0x00000000b2900000| Untracked 
| 286|0x00000000b2a00000, 0x00000000b2a00000, 0x00000000b2b00000|  0%| F|  |TAMS 0x00000000b2a00000, 0x00000000b2a00000| Untracked 
| 287|0x00000000b2b00000, 0x00000000b2b00000, 0x00000000b2c00000|  0%| F|  |TAMS 0x00000000b2b00000, 0x00000000b2b00000| Untracked 
| 288|0x00000000b2c00000, 0x00000000b2c00000, 0x00000000b2d00000|  0%| F|  |TAMS 0x00000000b2c00000, 0x00000000b2c00000| Untracked 
| 289|0x00000000b2d00000, 0x00000000b2d00000, 0x00000000b2e00000|  0%| F|  |TAMS 0x00000000b2d00000, 0x00000000b2d00000| Untracked 
| 290|0x00000000b2e00000, 0x00000000b2e00000, 0x00000000b2f00000|  0%| F|  |TAMS 0x00000000b2e00000, 0x00000000b2e00000| Untracked 
| 291|0x00000000b2f00000, 0x00000000b2f00000, 0x00000000b3000000|  0%| F|  |TAMS 0x00000000b2f00000, 0x00000000b2f00000| Untracked 
| 292|0x00000000b3000000, 0x00000000b3000000, 0x00000000b3100000|  0%| F|  |TAMS 0x00000000b3000000, 0x00000000b3000000| Untracked 
| 293|0x00000000b3100000, 0x00000000b3100000, 0x00000000b3200000|  0%| F|  |TAMS 0x00000000b3100000, 0x00000000b3100000| Untracked 
| 294|0x00000000b3200000, 0x00000000b3200000, 0x00000000b3300000|  0%| F|  |TAMS 0x00000000b3200000, 0x00000000b3200000| Untracked 
| 295|0x00000000b3300000, 0x00000000b3300000, 0x00000000b3400000|  0%| F|  |TAMS 0x00000000b3300000, 0x00000000b3300000| Untracked 
| 296|0x00000000b3400000, 0x00000000b3400000, 0x00000000b3500000|  0%| F|  |TAMS 0x00000000b3400000, 0x00000000b3400000| Untracked 
| 297|0x00000000b3500000, 0x00000000b3500000, 0x00000000b3600000|  0%| F|  |TAMS 0x00000000b3500000, 0x00000000b3500000| Untracked 
| 298|0x00000000b3600000, 0x00000000b3600000, 0x00000000b3700000|  0%| F|  |TAMS 0x00000000b3600000, 0x00000000b3600000| Untracked 
| 299|0x00000000b3700000, 0x00000000b3700000, 0x00000000b3800000|  0%| F|  |TAMS 0x00000000b3700000, 0x00000000b3700000| Untracked 
| 300|0x00000000b3800000, 0x00000000b3800000, 0x00000000b3900000|  0%| F|  |TAMS 0x00000000b3800000, 0x00000000b3800000| Untracked 
| 301|0x00000000b3900000, 0x00000000b3900000, 0x00000000b3a00000|  0%| F|  |TAMS 0x00000000b3900000, 0x00000000b3900000| Untracked 
| 302|0x00000000b3a00000, 0x00000000b3a00000, 0x00000000b3b00000|  0%| F|  |TAMS 0x00000000b3a00000, 0x00000000b3a00000| Untracked 
| 303|0x00000000b3b00000, 0x00000000b3b00000, 0x00000000b3c00000|  0%| F|  |TAMS 0x00000000b3b00000, 0x00000000b3b00000| Untracked 
| 304|0x00000000b3c00000, 0x00000000b3c00000, 0x00000000b3d00000|  0%| F|  |TAMS 0x00000000b3c00000, 0x00000000b3c00000| Untracked 
| 305|0x00000000b3d00000, 0x00000000b3d00000, 0x00000000b3e00000|  0%| F|  |TAMS 0x00000000b3d00000, 0x00000000b3d00000| Untracked 
| 306|0x00000000b3e00000, 0x00000000b3e00000, 0x00000000b3f00000|  0%| F|  |TAMS 0x00000000b3e00000, 0x00000000b3e00000| Untracked 
| 307|0x00000000b3f00000, 0x00000000b3f00000, 0x00000000b4000000|  0%| F|  |TAMS 0x00000000b3f00000, 0x00000000b3f00000| Untracked 
| 308|0x00000000b4000000, 0x00000000b4000000, 0x00000000b4100000|  0%| F|  |TAMS 0x00000000b4000000, 0x00000000b4000000| Untracked 
| 309|0x00000000b4100000, 0x00000000b4100000, 0x00000000b4200000|  0%| F|  |TAMS 0x00000000b4100000, 0x00000000b4100000| Untracked 
| 310|0x00000000b4200000, 0x00000000b4200000, 0x00000000b4300000|  0%| F|  |TAMS 0x00000000b4200000, 0x00000000b4200000| Untracked 
| 311|0x00000000b4300000, 0x00000000b4300000, 0x00000000b4400000|  0%| F|  |TAMS 0x00000000b4300000, 0x00000000b4300000| Untracked 
| 312|0x00000000b4400000, 0x00000000b4400000, 0x00000000b4500000|  0%| F|  |TAMS 0x00000000b4400000, 0x00000000b4400000| Untracked 
| 313|0x00000000b4500000, 0x00000000b4500000, 0x00000000b4600000|  0%| F|  |TAMS 0x00000000b4500000, 0x00000000b4500000| Untracked 
| 314|0x00000000b4600000, 0x00000000b4600000, 0x00000000b4700000|  0%| F|  |TAMS 0x00000000b4600000, 0x00000000b4600000| Untracked 
| 315|0x00000000b4700000, 0x00000000b4700000, 0x00000000b4800000|  0%| F|  |TAMS 0x00000000b4700000, 0x00000000b4700000| Untracked 
| 316|0x00000000b4800000, 0x00000000b4800000, 0x00000000b4900000|  0%| F|  |TAMS 0x00000000b4800000, 0x00000000b4800000| Untracked 
| 317|0x00000000b4900000, 0x00000000b4900000, 0x00000000b4a00000|  0%| F|  |TAMS 0x00000000b4900000, 0x00000000b4900000| Untracked 
| 318|0x00000000b4a00000, 0x00000000b4a00000, 0x00000000b4b00000|  0%| F|  |TAMS 0x00000000b4a00000, 0x00000000b4a00000| Untracked 
| 319|0x00000000b4b00000, 0x00000000b4b00000, 0x00000000b4c00000|  0%| F|  |TAMS 0x00000000b4b00000, 0x00000000b4b00000| Untracked 
| 320|0x00000000b4c00000, 0x00000000b4c00000, 0x00000000b4d00000|  0%| F|  |TAMS 0x00000000b4c00000, 0x00000000b4c00000| Untracked 
| 321|0x00000000b4d00000, 0x00000000b4d00000, 0x00000000b4e00000|  0%| F|  |TAMS 0x00000000b4d00000, 0x00000000b4d00000| Untracked 
| 322|0x00000000b4e00000, 0x00000000b4e00000, 0x00000000b4f00000|  0%| F|  |TAMS 0x00000000b4e00000, 0x00000000b4e00000| Untracked 
| 323|0x00000000b4f00000, 0x00000000b4f00000, 0x00000000b5000000|  0%| F|  |TAMS 0x00000000b4f00000, 0x00000000b4f00000| Untracked 
| 324|0x00000000b5000000, 0x00000000b5000000, 0x00000000b5100000|  0%| F|  |TAMS 0x00000000b5000000, 0x00000000b5000000| Untracked 
| 325|0x00000000b5100000, 0x00000000b5100000, 0x00000000b5200000|  0%| F|  |TAMS 0x00000000b5100000, 0x00000000b5100000| Untracked 
| 326|0x00000000b5200000, 0x00000000b5200000, 0x00000000b5300000|  0%| F|  |TAMS 0x00000000b5200000, 0x00000000b5200000| Untracked 
| 327|0x00000000b5300000, 0x00000000b5300000, 0x00000000b5400000|  0%| F|  |TAMS 0x00000000b5300000, 0x00000000b5300000| Untracked 
| 328|0x00000000b5400000, 0x00000000b5400000, 0x00000000b5500000|  0%| F|  |TAMS 0x00000000b5400000, 0x00000000b5400000| Untracked 
| 329|0x00000000b5500000, 0x00000000b5500000, 0x00000000b5600000|  0%| F|  |TAMS 0x00000000b5500000, 0x00000000b5500000| Untracked 
| 330|0x00000000b5600000, 0x00000000b5600000, 0x00000000b5700000|  0%| F|  |TAMS 0x00000000b5600000, 0x00000000b5600000| Untracked 
| 331|0x00000000b5700000, 0x00000000b5700000, 0x00000000b5800000|  0%| F|  |TAMS 0x00000000b5700000, 0x00000000b5700000| Untracked 
| 332|0x00000000b5800000, 0x00000000b5800000, 0x00000000b5900000|  0%| F|  |TAMS 0x00000000b5800000, 0x00000000b5800000| Untracked 
| 333|0x00000000b5900000, 0x00000000b5900000, 0x00000000b5a00000|  0%| F|  |TAMS 0x00000000b5900000, 0x00000000b5900000| Untracked 
| 334|0x00000000b5a00000, 0x00000000b5a00000, 0x00000000b5b00000|  0%| F|  |TAMS 0x00000000b5a00000, 0x00000000b5a00000| Untracked 
| 335|0x00000000b5b00000, 0x00000000b5b00000, 0x00000000b5c00000|  0%| F|  |TAMS 0x00000000b5b00000, 0x00000000b5b00000| Untracked 
| 336|0x00000000b5c00000, 0x00000000b5c00000, 0x00000000b5d00000|  0%| F|  |TAMS 0x00000000b5c00000, 0x00000000b5c00000| Untracked 
| 337|0x00000000b5d00000, 0x00000000b5d00000, 0x00000000b5e00000|  0%| F|  |TAMS 0x00000000b5d00000, 0x00000000b5d00000| Untracked 
| 338|0x00000000b5e00000, 0x00000000b5e00000, 0x00000000b5f00000|  0%| F|  |TAMS 0x00000000b5e00000, 0x00000000b5e00000| Untracked 
| 339|0x00000000b5f00000, 0x00000000b5f00000, 0x00000000b6000000|  0%| F|  |TAMS 0x00000000b5f00000, 0x00000000b5f00000| Untracked 
| 340|0x00000000b6000000, 0x00000000b6000000, 0x00000000b6100000|  0%| F|  |TAMS 0x00000000b6000000, 0x00000000b6000000| Untracked 
| 341|0x00000000b6100000, 0x00000000b6100000, 0x00000000b6200000|  0%| F|  |TAMS 0x00000000b6100000, 0x00000000b6100000| Untracked 
| 342|0x00000000b6200000, 0x00000000b6200000, 0x00000000b6300000|  0%| F|  |TAMS 0x00000000b6200000, 0x00000000b6200000| Untracked 
| 343|0x00000000b6300000, 0x00000000b6300000, 0x00000000b6400000|  0%| F|  |TAMS 0x00000000b6300000, 0x00000000b6300000| Untracked 
| 344|0x00000000b6400000, 0x00000000b6400000, 0x00000000b6500000|  0%| F|  |TAMS 0x00000000b6400000, 0x00000000b6400000| Untracked 
| 345|0x00000000b6500000, 0x00000000b6500000, 0x00000000b6600000|  0%| F|  |TAMS 0x00000000b6500000, 0x00000000b6500000| Untracked 
| 346|0x00000000b6600000, 0x00000000b6600000, 0x00000000b6700000|  0%| F|  |TAMS 0x00000000b6600000, 0x00000000b6600000| Untracked 
| 347|0x00000000b6700000, 0x00000000b6700000, 0x00000000b6800000|  0%| F|  |TAMS 0x00000000b6700000, 0x00000000b6700000| Untracked 
| 348|0x00000000b6800000, 0x00000000b6800000, 0x00000000b6900000|  0%| F|  |TAMS 0x00000000b6800000, 0x00000000b6800000| Untracked 
| 349|0x00000000b6900000, 0x00000000b6900000, 0x00000000b6a00000|  0%| F|  |TAMS 0x00000000b6900000, 0x00000000b6900000| Untracked 
| 350|0x00000000b6a00000, 0x00000000b6a00000, 0x00000000b6b00000|  0%| F|  |TAMS 0x00000000b6a00000, 0x00000000b6a00000| Untracked 
| 351|0x00000000b6b00000, 0x00000000b6b00000, 0x00000000b6c00000|  0%| F|  |TAMS 0x00000000b6b00000, 0x00000000b6b00000| Untracked 
| 352|0x00000000b6c00000, 0x00000000b6c00000, 0x00000000b6d00000|  0%| F|  |TAMS 0x00000000b6c00000, 0x00000000b6c00000| Untracked 
| 353|0x00000000b6d00000, 0x00000000b6d00000, 0x00000000b6e00000|  0%| F|  |TAMS 0x00000000b6d00000, 0x00000000b6d00000| Untracked 
| 354|0x00000000b6e00000, 0x00000000b6e00000, 0x00000000b6f00000|  0%| F|  |TAMS 0x00000000b6e00000, 0x00000000b6e00000| Untracked 
| 355|0x00000000b6f00000, 0x00000000b6f00000, 0x00000000b7000000|  0%| F|  |TAMS 0x00000000b6f00000, 0x00000000b6f00000| Untracked 
| 356|0x00000000b7000000, 0x00000000b7000000, 0x00000000b7100000|  0%| F|  |TAMS 0x00000000b7000000, 0x00000000b7000000| Untracked 
| 357|0x00000000b7100000, 0x00000000b7100000, 0x00000000b7200000|  0%| F|  |TAMS 0x00000000b7100000, 0x00000000b7100000| Untracked 
| 358|0x00000000b7200000, 0x00000000b7200000, 0x00000000b7300000|  0%| F|  |TAMS 0x00000000b7200000, 0x00000000b7200000| Untracked 
| 359|0x00000000b7300000, 0x00000000b7300000, 0x00000000b7400000|  0%| F|  |TAMS 0x00000000b7300000, 0x00000000b7300000| Untracked 
| 360|0x00000000b7400000, 0x00000000b7400000, 0x00000000b7500000|  0%| F|  |TAMS 0x00000000b7400000, 0x00000000b7400000| Untracked 
| 361|0x00000000b7500000, 0x00000000b7500000, 0x00000000b7600000|  0%| F|  |TAMS 0x00000000b7500000, 0x00000000b7500000| Untracked 
| 362|0x00000000b7600000, 0x00000000b7600000, 0x00000000b7700000|  0%| F|  |TAMS 0x00000000b7600000, 0x00000000b7600000| Untracked 
| 363|0x00000000b7700000, 0x00000000b7700000, 0x00000000b7800000|  0%| F|  |TAMS 0x00000000b7700000, 0x00000000b7700000| Untracked 
| 364|0x00000000b7800000, 0x00000000b7800000, 0x00000000b7900000|  0%| F|  |TAMS 0x00000000b7800000, 0x00000000b7800000| Untracked 
| 365|0x00000000b7900000, 0x00000000b7900000, 0x00000000b7a00000|  0%| F|  |TAMS 0x00000000b7900000, 0x00000000b7900000| Untracked 
| 366|0x00000000b7a00000, 0x00000000b7a00000, 0x00000000b7b00000|  0%| F|  |TAMS 0x00000000b7a00000, 0x00000000b7a00000| Untracked 
| 367|0x00000000b7b00000, 0x00000000b7b00000, 0x00000000b7c00000|  0%| F|  |TAMS 0x00000000b7b00000, 0x00000000b7b00000| Untracked 
| 368|0x00000000b7c00000, 0x00000000b7c00000, 0x00000000b7d00000|  0%| F|  |TAMS 0x00000000b7c00000, 0x00000000b7c00000| Untracked 
| 369|0x00000000b7d00000, 0x00000000b7d00000, 0x00000000b7e00000|  0%| F|  |TAMS 0x00000000b7d00000, 0x00000000b7d00000| Untracked 
| 370|0x00000000b7e00000, 0x00000000b7e00000, 0x00000000b7f00000|  0%| F|  |TAMS 0x00000000b7e00000, 0x00000000b7e00000| Untracked 
| 371|0x00000000b7f00000, 0x00000000b7f00000, 0x00000000b8000000|  0%| F|  |TAMS 0x00000000b7f00000, 0x00000000b7f00000| Untracked 
| 372|0x00000000b8000000, 0x00000000b8000000, 0x00000000b8100000|  0%| F|  |TAMS 0x00000000b8000000, 0x00000000b8000000| Untracked 
| 373|0x00000000b8100000, 0x00000000b8100000, 0x00000000b8200000|  0%| F|  |TAMS 0x00000000b8100000, 0x00000000b8100000| Untracked 
| 374|0x00000000b8200000, 0x00000000b8200000, 0x00000000b8300000|  0%| F|  |TAMS 0x00000000b8200000, 0x00000000b8200000| Untracked 
| 375|0x00000000b8300000, 0x00000000b8300000, 0x00000000b8400000|  0%| F|  |TAMS 0x00000000b8300000, 0x00000000b8300000| Untracked 
| 376|0x00000000b8400000, 0x00000000b8400000, 0x00000000b8500000|  0%| F|  |TAMS 0x00000000b8400000, 0x00000000b8400000| Untracked 
| 377|0x00000000b8500000, 0x00000000b8500000, 0x00000000b8600000|  0%| F|  |TAMS 0x00000000b8500000, 0x00000000b8500000| Untracked 
| 378|0x00000000b8600000, 0x00000000b8600000, 0x00000000b8700000|  0%| F|  |TAMS 0x00000000b8600000, 0x00000000b8600000| Untracked 
| 379|0x00000000b8700000, 0x00000000b8700000, 0x00000000b8800000|  0%| F|  |TAMS 0x00000000b8700000, 0x00000000b8700000| Untracked 
| 380|0x00000000b8800000, 0x00000000b8800000, 0x00000000b8900000|  0%| F|  |TAMS 0x00000000b8800000, 0x00000000b8800000| Untracked 
| 381|0x00000000b8900000, 0x00000000b8900000, 0x00000000b8a00000|  0%| F|  |TAMS 0x00000000b8900000, 0x00000000b8900000| Untracked 
| 382|0x00000000b8a00000, 0x00000000b8a00000, 0x00000000b8b00000|  0%| F|  |TAMS 0x00000000b8a00000, 0x00000000b8a00000| Untracked 
| 383|0x00000000b8b00000, 0x00000000b8b00000, 0x00000000b8c00000|  0%| F|  |TAMS 0x00000000b8b00000, 0x00000000b8b00000| Untracked 
| 384|0x00000000b8c00000, 0x00000000b8c00000, 0x00000000b8d00000|  0%| F|  |TAMS 0x00000000b8c00000, 0x00000000b8c00000| Untracked 
| 385|0x00000000b8d00000, 0x00000000b8d00000, 0x00000000b8e00000|  0%| F|  |TAMS 0x00000000b8d00000, 0x00000000b8d00000| Untracked 
| 386|0x00000000b8e00000, 0x00000000b8e00000, 0x00000000b8f00000|  0%| F|  |TAMS 0x00000000b8e00000, 0x00000000b8e00000| Untracked 
| 387|0x00000000b8f00000, 0x00000000b8f00000, 0x00000000b9000000|  0%| F|  |TAMS 0x00000000b8f00000, 0x00000000b8f00000| Untracked 
| 388|0x00000000b9000000, 0x00000000b9000000, 0x00000000b9100000|  0%| F|  |TAMS 0x00000000b9000000, 0x00000000b9000000| Untracked 
| 389|0x00000000b9100000, 0x00000000b9100000, 0x00000000b9200000|  0%| F|  |TAMS 0x00000000b9100000, 0x00000000b9100000| Untracked 
| 390|0x00000000b9200000, 0x00000000b9200000, 0x00000000b9300000|  0%| F|  |TAMS 0x00000000b9200000, 0x00000000b9200000| Untracked 
| 391|0x00000000b9300000, 0x00000000b9300000, 0x00000000b9400000|  0%| F|  |TAMS 0x00000000b9300000, 0x00000000b9300000| Untracked 
| 392|0x00000000b9400000, 0x00000000b9400000, 0x00000000b9500000|  0%| F|  |TAMS 0x00000000b9400000, 0x00000000b9400000| Untracked 
| 393|0x00000000b9500000, 0x00000000b9500000, 0x00000000b9600000|  0%| F|  |TAMS 0x00000000b9500000, 0x00000000b9500000| Untracked 
| 394|0x00000000b9600000, 0x00000000b9600000, 0x00000000b9700000|  0%| F|  |TAMS 0x00000000b9600000, 0x00000000b9600000| Untracked 
| 395|0x00000000b9700000, 0x00000000b9700000, 0x00000000b9800000|  0%| F|  |TAMS 0x00000000b9700000, 0x00000000b9700000| Untracked 
| 396|0x00000000b9800000, 0x00000000b9800000, 0x00000000b9900000|  0%| F|  |TAMS 0x00000000b9800000, 0x00000000b9800000| Untracked 
| 397|0x00000000b9900000, 0x00000000b9900000, 0x00000000b9a00000|  0%| F|  |TAMS 0x00000000b9900000, 0x00000000b9900000| Untracked 
| 398|0x00000000b9a00000, 0x00000000b9a00000, 0x00000000b9b00000|  0%| F|  |TAMS 0x00000000b9a00000, 0x00000000b9a00000| Untracked 
| 399|0x00000000b9b00000, 0x00000000b9b00000, 0x00000000b9c00000|  0%| F|  |TAMS 0x00000000b9b00000, 0x00000000b9b00000| Untracked 
| 400|0x00000000b9c00000, 0x00000000b9c00000, 0x00000000b9d00000|  0%| F|  |TAMS 0x00000000b9c00000, 0x00000000b9c00000| Untracked 
| 401|0x00000000b9d00000, 0x00000000b9d00000, 0x00000000b9e00000|  0%| F|  |TAMS 0x00000000b9d00000, 0x00000000b9d00000| Untracked 
| 402|0x00000000b9e00000, 0x00000000b9e00000, 0x00000000b9f00000|  0%| F|  |TAMS 0x00000000b9e00000, 0x00000000b9e00000| Untracked 
| 403|0x00000000b9f00000, 0x00000000b9f00000, 0x00000000ba000000|  0%| F|  |TAMS 0x00000000b9f00000, 0x00000000b9f00000| Untracked 
| 404|0x00000000ba000000, 0x00000000ba000000, 0x00000000ba100000|  0%| F|  |TAMS 0x00000000ba000000, 0x00000000ba000000| Untracked 
| 405|0x00000000ba100000, 0x00000000ba100000, 0x00000000ba200000|  0%| F|  |TAMS 0x00000000ba100000, 0x00000000ba100000| Untracked 
| 406|0x00000000ba200000, 0x00000000ba200000, 0x00000000ba300000|  0%| F|  |TAMS 0x00000000ba200000, 0x00000000ba200000| Untracked 
| 407|0x00000000ba300000, 0x00000000ba300000, 0x00000000ba400000|  0%| F|  |TAMS 0x00000000ba300000, 0x00000000ba300000| Untracked 
| 408|0x00000000ba400000, 0x00000000ba400000, 0x00000000ba500000|  0%| F|  |TAMS 0x00000000ba400000, 0x00000000ba400000| Untracked 
| 409|0x00000000ba500000, 0x00000000ba500000, 0x00000000ba600000|  0%| F|  |TAMS 0x00000000ba500000, 0x00000000ba500000| Untracked 
| 410|0x00000000ba600000, 0x00000000ba600000, 0x00000000ba700000|  0%| F|  |TAMS 0x00000000ba600000, 0x00000000ba600000| Untracked 
| 411|0x00000000ba700000, 0x00000000ba700000, 0x00000000ba800000|  0%| F|  |TAMS 0x00000000ba700000, 0x00000000ba700000| Untracked 
| 412|0x00000000ba800000, 0x00000000ba800000, 0x00000000ba900000|  0%| F|  |TAMS 0x00000000ba800000, 0x00000000ba800000| Untracked 
| 413|0x00000000ba900000, 0x00000000ba900000, 0x00000000baa00000|  0%| F|  |TAMS 0x00000000ba900000, 0x00000000ba900000| Untracked 
| 414|0x00000000baa00000, 0x00000000baa00000, 0x00000000bab00000|  0%| F|  |TAMS 0x00000000baa00000, 0x00000000baa00000| Untracked 
| 415|0x00000000bab00000, 0x00000000bab00000, 0x00000000bac00000|  0%| F|  |TAMS 0x00000000bab00000, 0x00000000bab00000| Untracked 
| 416|0x00000000bac00000, 0x00000000bac00000, 0x00000000bad00000|  0%| F|  |TAMS 0x00000000bac00000, 0x00000000bac00000| Untracked 
| 417|0x00000000bad00000, 0x00000000bad00000, 0x00000000bae00000|  0%| F|  |TAMS 0x00000000bad00000, 0x00000000bad00000| Untracked 
| 418|0x00000000bae00000, 0x00000000bae00000, 0x00000000baf00000|  0%| F|  |TAMS 0x00000000bae00000, 0x00000000bae00000| Untracked 
| 419|0x00000000baf00000, 0x00000000baf00000, 0x00000000bb000000|  0%| F|  |TAMS 0x00000000baf00000, 0x00000000baf00000| Untracked 
| 420|0x00000000bb000000, 0x00000000bb000000, 0x00000000bb100000|  0%| F|  |TAMS 0x00000000bb000000, 0x00000000bb000000| Untracked 
| 421|0x00000000bb100000, 0x00000000bb100000, 0x00000000bb200000|  0%| F|  |TAMS 0x00000000bb100000, 0x00000000bb100000| Untracked 
| 422|0x00000000bb200000, 0x00000000bb200000, 0x00000000bb300000|  0%| F|  |TAMS 0x00000000bb200000, 0x00000000bb200000| Untracked 
| 423|0x00000000bb300000, 0x00000000bb300000, 0x00000000bb400000|  0%| F|  |TAMS 0x00000000bb300000, 0x00000000bb300000| Untracked 
| 424|0x00000000bb400000, 0x00000000bb400000, 0x00000000bb500000|  0%| F|  |TAMS 0x00000000bb400000, 0x00000000bb400000| Untracked 
| 425|0x00000000bb500000, 0x00000000bb500000, 0x00000000bb600000|  0%| F|  |TAMS 0x00000000bb500000, 0x00000000bb500000| Untracked 
| 426|0x00000000bb600000, 0x00000000bb600000, 0x00000000bb700000|  0%| F|  |TAMS 0x00000000bb600000, 0x00000000bb600000| Untracked 
| 427|0x00000000bb700000, 0x00000000bb700000, 0x00000000bb800000|  0%| F|  |TAMS 0x00000000bb700000, 0x00000000bb700000| Untracked 
| 428|0x00000000bb800000, 0x00000000bb800000, 0x00000000bb900000|  0%| F|  |TAMS 0x00000000bb800000, 0x00000000bb800000| Untracked 
| 429|0x00000000bb900000, 0x00000000bb900000, 0x00000000bba00000|  0%| F|  |TAMS 0x00000000bb900000, 0x00000000bb900000| Untracked 
| 430|0x00000000bba00000, 0x00000000bba00000, 0x00000000bbb00000|  0%| F|  |TAMS 0x00000000bba00000, 0x00000000bba00000| Untracked 
| 431|0x00000000bbb00000, 0x00000000bbb00000, 0x00000000bbc00000|  0%| F|  |TAMS 0x00000000bbb00000, 0x00000000bbb00000| Untracked 
| 432|0x00000000bbc00000, 0x00000000bbc00000, 0x00000000bbd00000|  0%| F|  |TAMS 0x00000000bbc00000, 0x00000000bbc00000| Untracked 
| 433|0x00000000bbd00000, 0x00000000bbd00000, 0x00000000bbe00000|  0%| F|  |TAMS 0x00000000bbd00000, 0x00000000bbd00000| Untracked 
| 434|0x00000000bbe00000, 0x00000000bbe00000, 0x00000000bbf00000|  0%| F|  |TAMS 0x00000000bbe00000, 0x00000000bbe00000| Untracked 
| 435|0x00000000bbf00000, 0x00000000bbf00000, 0x00000000bc000000|  0%| F|  |TAMS 0x00000000bbf00000, 0x00000000bbf00000| Untracked 
| 436|0x00000000bc000000, 0x00000000bc000000, 0x00000000bc100000|  0%| F|  |TAMS 0x00000000bc000000, 0x00000000bc000000| Untracked 
| 437|0x00000000bc100000, 0x00000000bc100000, 0x00000000bc200000|  0%| F|  |TAMS 0x00000000bc100000, 0x00000000bc100000| Untracked 
| 438|0x00000000bc200000, 0x00000000bc200000, 0x00000000bc300000|  0%| F|  |TAMS 0x00000000bc200000, 0x00000000bc200000| Untracked 
| 439|0x00000000bc300000, 0x00000000bc300000, 0x00000000bc400000|  0%| F|  |TAMS 0x00000000bc300000, 0x00000000bc300000| Untracked 
| 440|0x00000000bc400000, 0x00000000bc400000, 0x00000000bc500000|  0%| F|  |TAMS 0x00000000bc400000, 0x00000000bc400000| Untracked 
| 441|0x00000000bc500000, 0x00000000bc500000, 0x00000000bc600000|  0%| F|  |TAMS 0x00000000bc500000, 0x00000000bc500000| Untracked 
| 442|0x00000000bc600000, 0x00000000bc600000, 0x00000000bc700000|  0%| F|  |TAMS 0x00000000bc600000, 0x00000000bc600000| Untracked 
| 443|0x00000000bc700000, 0x00000000bc700000, 0x00000000bc800000|  0%| F|  |TAMS 0x00000000bc700000, 0x00000000bc700000| Untracked 
| 444|0x00000000bc800000, 0x00000000bc800000, 0x00000000bc900000|  0%| F|  |TAMS 0x00000000bc800000, 0x00000000bc800000| Untracked 
| 445|0x00000000bc900000, 0x00000000bc900000, 0x00000000bca00000|  0%| F|  |TAMS 0x00000000bc900000, 0x00000000bc900000| Untracked 
| 446|0x00000000bca00000, 0x00000000bca00000, 0x00000000bcb00000|  0%| F|  |TAMS 0x00000000bca00000, 0x00000000bca00000| Untracked 
| 447|0x00000000bcb00000, 0x00000000bcb00000, 0x00000000bcc00000|  0%| F|  |TAMS 0x00000000bcb00000, 0x00000000bcb00000| Untracked 
| 448|0x00000000bcc00000, 0x00000000bcc00000, 0x00000000bcd00000|  0%| F|  |TAMS 0x00000000bcc00000, 0x00000000bcc00000| Untracked 
| 449|0x00000000bcd00000, 0x00000000bcd00000, 0x00000000bce00000|  0%| F|  |TAMS 0x00000000bcd00000, 0x00000000bcd00000| Untracked 
| 450|0x00000000bce00000, 0x00000000bce00000, 0x00000000bcf00000|  0%| F|  |TAMS 0x00000000bce00000, 0x00000000bce00000| Untracked 
| 451|0x00000000bcf00000, 0x00000000bcf00000, 0x00000000bd000000|  0%| F|  |TAMS 0x00000000bcf00000, 0x00000000bcf00000| Untracked 
| 452|0x00000000bd000000, 0x00000000bd000000, 0x00000000bd100000|  0%| F|  |TAMS 0x00000000bd000000, 0x00000000bd000000| Untracked 
| 453|0x00000000bd100000, 0x00000000bd100000, 0x00000000bd200000|  0%| F|  |TAMS 0x00000000bd100000, 0x00000000bd100000| Untracked 
| 454|0x00000000bd200000, 0x00000000bd200000, 0x00000000bd300000|  0%| F|  |TAMS 0x00000000bd200000, 0x00000000bd200000| Untracked 
| 455|0x00000000bd300000, 0x00000000bd300000, 0x00000000bd400000|  0%| F|  |TAMS 0x00000000bd300000, 0x00000000bd300000| Untracked 
| 456|0x00000000bd400000, 0x00000000bd400000, 0x00000000bd500000|  0%| F|  |TAMS 0x00000000bd400000, 0x00000000bd400000| Untracked 
| 457|0x00000000bd500000, 0x00000000bd500000, 0x00000000bd600000|  0%| F|  |TAMS 0x00000000bd500000, 0x00000000bd500000| Untracked 
| 458|0x00000000bd600000, 0x00000000bd600000, 0x00000000bd700000|  0%| F|  |TAMS 0x00000000bd600000, 0x00000000bd600000| Untracked 
| 459|0x00000000bd700000, 0x00000000bd700000, 0x00000000bd800000|  0%| F|  |TAMS 0x00000000bd700000, 0x00000000bd700000| Untracked 
| 460|0x00000000bd800000, 0x00000000bd800000, 0x00000000bd900000|  0%| F|  |TAMS 0x00000000bd800000, 0x00000000bd800000| Untracked 
| 461|0x00000000bd900000, 0x00000000bd900000, 0x00000000bda00000|  0%| F|  |TAMS 0x00000000bd900000, 0x00000000bd900000| Untracked 
| 462|0x00000000bda00000, 0x00000000bda00000, 0x00000000bdb00000|  0%| F|  |TAMS 0x00000000bda00000, 0x00000000bda00000| Untracked 
| 463|0x00000000bdb00000, 0x00000000bdb00000, 0x00000000bdc00000|  0%| F|  |TAMS 0x00000000bdb00000, 0x00000000bdb00000| Untracked 
| 464|0x00000000bdc00000, 0x00000000bdc00000, 0x00000000bdd00000|  0%| F|  |TAMS 0x00000000bdc00000, 0x00000000bdc00000| Untracked 
| 465|0x00000000bdd00000, 0x00000000bdd00000, 0x00000000bde00000|  0%| F|  |TAMS 0x00000000bdd00000, 0x00000000bdd00000| Untracked 
| 466|0x00000000bde00000, 0x00000000bde00000, 0x00000000bdf00000|  0%| F|  |TAMS 0x00000000bde00000, 0x00000000bde00000| Untracked 
| 467|0x00000000bdf00000, 0x00000000bdf00000, 0x00000000be000000|  0%| F|  |TAMS 0x00000000bdf00000, 0x00000000bdf00000| Untracked 
| 468|0x00000000be000000, 0x00000000be000000, 0x00000000be100000|  0%| F|  |TAMS 0x00000000be000000, 0x00000000be000000| Untracked 
| 469|0x00000000be100000, 0x00000000be100000, 0x00000000be200000|  0%| F|  |TAMS 0x00000000be100000, 0x00000000be100000| Untracked 
| 470|0x00000000be200000, 0x00000000be200000, 0x00000000be300000|  0%| F|  |TAMS 0x00000000be200000, 0x00000000be200000| Untracked 
| 471|0x00000000be300000, 0x00000000be300000, 0x00000000be400000|  0%| F|  |TAMS 0x00000000be300000, 0x00000000be300000| Untracked 
| 472|0x00000000be400000, 0x00000000be400000, 0x00000000be500000|  0%| F|  |TAMS 0x00000000be400000, 0x00000000be400000| Untracked 
| 473|0x00000000be500000, 0x00000000be500000, 0x00000000be600000|  0%| F|  |TAMS 0x00000000be500000, 0x00000000be500000| Untracked 
| 474|0x00000000be600000, 0x00000000be600000, 0x00000000be700000|  0%| F|  |TAMS 0x00000000be600000, 0x00000000be600000| Untracked 
| 475|0x00000000be700000, 0x00000000be700000, 0x00000000be800000|  0%| F|  |TAMS 0x00000000be700000, 0x00000000be700000| Untracked 
| 476|0x00000000be800000, 0x00000000be800000, 0x00000000be900000|  0%| F|  |TAMS 0x00000000be800000, 0x00000000be800000| Untracked 
| 477|0x00000000be900000, 0x00000000be900000, 0x00000000bea00000|  0%| F|  |TAMS 0x00000000be900000, 0x00000000be900000| Untracked 
| 478|0x00000000bea00000, 0x00000000bea00000, 0x00000000beb00000|  0%| F|  |TAMS 0x00000000bea00000, 0x00000000bea00000| Untracked 
| 479|0x00000000beb00000, 0x00000000beb00000, 0x00000000bec00000|  0%| F|  |TAMS 0x00000000beb00000, 0x00000000beb00000| Untracked 
| 480|0x00000000bec00000, 0x00000000bec00000, 0x00000000bed00000|  0%| F|  |TAMS 0x00000000bec00000, 0x00000000bec00000| Untracked 
| 481|0x00000000bed00000, 0x00000000bed00000, 0x00000000bee00000|  0%| F|  |TAMS 0x00000000bed00000, 0x00000000bed00000| Untracked 
| 482|0x00000000bee00000, 0x00000000bee00000, 0x00000000bef00000|  0%| F|  |TAMS 0x00000000bee00000, 0x00000000bee00000| Untracked 
| 483|0x00000000bef00000, 0x00000000bef00000, 0x00000000bf000000|  0%| F|  |TAMS 0x00000000bef00000, 0x00000000bef00000| Untracked 
| 484|0x00000000bf000000, 0x00000000bf000000, 0x00000000bf100000|  0%| F|  |TAMS 0x00000000bf000000, 0x00000000bf000000| Untracked 
| 485|0x00000000bf100000, 0x00000000bf100000, 0x00000000bf200000|  0%| F|  |TAMS 0x00000000bf100000, 0x00000000bf100000| Untracked 
| 486|0x00000000bf200000, 0x00000000bf200000, 0x00000000bf300000|  0%| F|  |TAMS 0x00000000bf200000, 0x00000000bf200000| Untracked 
| 487|0x00000000bf300000, 0x00000000bf300000, 0x00000000bf400000|  0%| F|  |TAMS 0x00000000bf300000, 0x00000000bf300000| Untracked 
| 488|0x00000000bf400000, 0x00000000bf400000, 0x00000000bf500000|  0%| F|  |TAMS 0x00000000bf400000, 0x00000000bf400000| Untracked 
| 489|0x00000000bf500000, 0x00000000bf500000, 0x00000000bf600000|  0%| F|  |TAMS 0x00000000bf500000, 0x00000000bf500000| Untracked 
| 490|0x00000000bf600000, 0x00000000bf600000, 0x00000000bf700000|  0%| F|  |TAMS 0x00000000bf600000, 0x00000000bf600000| Untracked 
| 491|0x00000000bf700000, 0x00000000bf700000, 0x00000000bf800000|  0%| F|  |TAMS 0x00000000bf700000, 0x00000000bf700000| Untracked 
| 492|0x00000000bf800000, 0x00000000bf800000, 0x00000000bf900000|  0%| F|  |TAMS 0x00000000bf800000, 0x00000000bf800000| Untracked 
| 493|0x00000000bf900000, 0x00000000bf900000, 0x00000000bfa00000|  0%| F|  |TAMS 0x00000000bf900000, 0x00000000bf900000| Untracked 
| 494|0x00000000bfa00000, 0x00000000bfa00000, 0x00000000bfb00000|  0%| F|  |TAMS 0x00000000bfa00000, 0x00000000bfa00000| Untracked 
| 495|0x00000000bfb00000, 0x00000000bfb00000, 0x00000000bfc00000|  0%| F|  |TAMS 0x00000000bfb00000, 0x00000000bfb00000| Untracked 
| 496|0x00000000bfc00000, 0x00000000bfc00000, 0x00000000bfd00000|  0%| F|  |TAMS 0x00000000bfc00000, 0x00000000bfc00000| Untracked 
| 497|0x00000000bfd00000, 0x00000000bfd00000, 0x00000000bfe00000|  0%| F|  |TAMS 0x00000000bfd00000, 0x00000000bfd00000| Untracked 
| 498|0x00000000bfe00000, 0x00000000bfe00000, 0x00000000bff00000|  0%| F|  |TAMS 0x00000000bfe00000, 0x00000000bfe00000| Untracked 
| 499|0x00000000bff00000, 0x00000000bff00000, 0x00000000c0000000|  0%| F|  |TAMS 0x00000000bff00000, 0x00000000bff00000| Untracked 
| 500|0x00000000c0000000, 0x00000000c0000000, 0x00000000c0100000|  0%| F|  |TAMS 0x00000000c0000000, 0x00000000c0000000| Untracked 
| 501|0x00000000c0100000, 0x00000000c0100000, 0x00000000c0200000|  0%| F|  |TAMS 0x00000000c0100000, 0x00000000c0100000| Untracked 
| 502|0x00000000c0200000, 0x00000000c0200000, 0x00000000c0300000|  0%| F|  |TAMS 0x00000000c0200000, 0x00000000c0200000| Untracked 
| 503|0x00000000c0300000, 0x00000000c0300000, 0x00000000c0400000|  0%| F|  |TAMS 0x00000000c0300000, 0x00000000c0300000| Untracked 
| 504|0x00000000c0400000, 0x00000000c0400000, 0x00000000c0500000|  0%| F|  |TAMS 0x00000000c0400000, 0x00000000c0400000| Untracked 
| 505|0x00000000c0500000, 0x00000000c0500000, 0x00000000c0600000|  0%| F|  |TAMS 0x00000000c0500000, 0x00000000c0500000| Untracked 
| 506|0x00000000c0600000, 0x00000000c0600000, 0x00000000c0700000|  0%| F|  |TAMS 0x00000000c0600000, 0x00000000c0600000| Untracked 
| 507|0x00000000c0700000, 0x00000000c0700000, 0x00000000c0800000|  0%| F|  |TAMS 0x00000000c0700000, 0x00000000c0700000| Untracked 
| 508|0x00000000c0800000, 0x00000000c0800000, 0x00000000c0900000|  0%| F|  |TAMS 0x00000000c0800000, 0x00000000c0800000| Untracked 
| 509|0x00000000c0900000, 0x00000000c0900000, 0x00000000c0a00000|  0%| F|  |TAMS 0x00000000c0900000, 0x00000000c0900000| Untracked 
| 510|0x00000000c0a00000, 0x00000000c0a00000, 0x00000000c0b00000|  0%| F|  |TAMS 0x00000000c0a00000, 0x00000000c0a00000| Untracked 
| 511|0x00000000c0b00000, 0x00000000c0b00000, 0x00000000c0c00000|  0%| F|  |TAMS 0x00000000c0b00000, 0x00000000c0b00000| Untracked 
| 512|0x00000000c0c00000, 0x00000000c0c00000, 0x00000000c0d00000|  0%| F|  |TAMS 0x00000000c0c00000, 0x00000000c0c00000| Untracked 
| 513|0x00000000c0d00000, 0x00000000c0d00000, 0x00000000c0e00000|  0%| F|  |TAMS 0x00000000c0d00000, 0x00000000c0d00000| Untracked 
| 514|0x00000000c0e00000, 0x00000000c0e00000, 0x00000000c0f00000|  0%| F|  |TAMS 0x00000000c0e00000, 0x00000000c0e00000| Untracked 
| 515|0x00000000c0f00000, 0x00000000c0f00000, 0x00000000c1000000|  0%| F|  |TAMS 0x00000000c0f00000, 0x00000000c0f00000| Untracked 
| 516|0x00000000c1000000, 0x00000000c1100000, 0x00000000c1100000|100%| S|CS|TAMS 0x00000000c1000000, 0x00000000c1000000| Complete 
| 517|0x00000000c1100000, 0x00000000c1200000, 0x00000000c1200000|100%| S|CS|TAMS 0x00000000c1100000, 0x00000000c1100000| Complete 
| 518|0x00000000c1200000, 0x00000000c1200000, 0x00000000c1300000|  0%| F|  |TAMS 0x00000000c1200000, 0x00000000c1200000| Untracked 
| 519|0x00000000c1300000, 0x00000000c1300000, 0x00000000c1400000|  0%| F|  |TAMS 0x00000000c1300000, 0x00000000c1300000| Untracked 
| 520|0x00000000c1400000, 0x00000000c1400000, 0x00000000c1500000|  0%| F|  |TAMS 0x00000000c1400000, 0x00000000c1400000| Untracked 
| 521|0x00000000c1500000, 0x00000000c1500000, 0x00000000c1600000|  0%| F|  |TAMS 0x00000000c1500000, 0x00000000c1500000| Untracked 
| 522|0x00000000c1600000, 0x00000000c1700000, 0x00000000c1700000|100%| S|CS|TAMS 0x00000000c1600000, 0x00000000c1600000| Complete 
| 523|0x00000000c1700000, 0x00000000c1800000, 0x00000000c1800000|100%| S|CS|TAMS 0x00000000c1700000, 0x00000000c1700000| Complete 
| 524|0x00000000c1800000, 0x00000000c1800000, 0x00000000c1900000|  0%| F|  |TAMS 0x00000000c1800000, 0x00000000c1800000| Untracked 
| 525|0x00000000c1900000, 0x00000000c1900000, 0x00000000c1a00000|  0%| F|  |TAMS 0x00000000c1900000, 0x00000000c1900000| Untracked 
| 526|0x00000000c1a00000, 0x00000000c1a00000, 0x00000000c1b00000|  0%| F|  |TAMS 0x00000000c1a00000, 0x00000000c1a00000| Untracked 
| 527|0x00000000c1b00000, 0x00000000c1b00000, 0x00000000c1c00000|  0%| F|  |TAMS 0x00000000c1b00000, 0x00000000c1b00000| Untracked 
| 528|0x00000000c1c00000, 0x00000000c1c00000, 0x00000000c1d00000|  0%| F|  |TAMS 0x00000000c1c00000, 0x00000000c1c00000| Untracked 
| 529|0x00000000c1d00000, 0x00000000c1d00000, 0x00000000c1e00000|  0%| F|  |TAMS 0x00000000c1d00000, 0x00000000c1d00000| Untracked 
| 530|0x00000000c1e00000, 0x00000000c1e00000, 0x00000000c1f00000|  0%| F|  |TAMS 0x00000000c1e00000, 0x00000000c1e00000| Untracked 
| 531|0x00000000c1f00000, 0x00000000c1f00000, 0x00000000c2000000|  0%| F|  |TAMS 0x00000000c1f00000, 0x00000000c1f00000| Untracked 
| 532|0x00000000c2000000, 0x00000000c2000000, 0x00000000c2100000|  0%| F|  |TAMS 0x00000000c2000000, 0x00000000c2000000| Untracked 
| 533|0x00000000c2100000, 0x00000000c2100000, 0x00000000c2200000|  0%| F|  |TAMS 0x00000000c2100000, 0x00000000c2100000| Untracked 
| 534|0x00000000c2200000, 0x00000000c2200000, 0x00000000c2300000|  0%| F|  |TAMS 0x00000000c2200000, 0x00000000c2200000| Untracked 
| 535|0x00000000c2300000, 0x00000000c2300000, 0x00000000c2400000|  0%| F|  |TAMS 0x00000000c2300000, 0x00000000c2300000| Untracked 
| 536|0x00000000c2400000, 0x00000000c2400000, 0x00000000c2500000|  0%| F|  |TAMS 0x00000000c2400000, 0x00000000c2400000| Untracked 
| 537|0x00000000c2500000, 0x00000000c2500000, 0x00000000c2600000|  0%| F|  |TAMS 0x00000000c2500000, 0x00000000c2500000| Untracked 
| 538|0x00000000c2600000, 0x00000000c2600000, 0x00000000c2700000|  0%| F|  |TAMS 0x00000000c2600000, 0x00000000c2600000| Untracked 
| 539|0x00000000c2700000, 0x00000000c2700000, 0x00000000c2800000|  0%| F|  |TAMS 0x00000000c2700000, 0x00000000c2700000| Untracked 
| 540|0x00000000c2800000, 0x00000000c2800000, 0x00000000c2900000|  0%| F|  |TAMS 0x00000000c2800000, 0x00000000c2800000| Untracked 
| 541|0x00000000c2900000, 0x00000000c2900000, 0x00000000c2a00000|  0%| F|  |TAMS 0x00000000c2900000, 0x00000000c2900000| Untracked 
| 542|0x00000000c2a00000, 0x00000000c2a00000, 0x00000000c2b00000|  0%| F|  |TAMS 0x00000000c2a00000, 0x00000000c2a00000| Untracked 
| 543|0x00000000c2b00000, 0x00000000c2b00000, 0x00000000c2c00000|  0%| F|  |TAMS 0x00000000c2b00000, 0x00000000c2b00000| Untracked 
| 544|0x00000000c2c00000, 0x00000000c2c00000, 0x00000000c2d00000|  0%| F|  |TAMS 0x00000000c2c00000, 0x00000000c2c00000| Untracked 
| 545|0x00000000c2d00000, 0x00000000c2d00000, 0x00000000c2e00000|  0%| F|  |TAMS 0x00000000c2d00000, 0x00000000c2d00000| Untracked 
| 546|0x00000000c2e00000, 0x00000000c2e00000, 0x00000000c2f00000|  0%| F|  |TAMS 0x00000000c2e00000, 0x00000000c2e00000| Untracked 

Card table byte_map: [0x0000022b45680000,0x0000022b45980000] _byte_map_base: 0x0000022b4517a000

Marking Bits (Prev, Next): (CMBitMap*) 0x0000022b3863aea0, (CMBitMap*) 0x0000022b3863aee0
 Prev Bits: [0x0000022b45c80000, 0x0000022b47450000)
 Next Bits: [0x0000022b47450000, 0x0000022b48c20000)

Polling page: 0x0000022b38690000

Metaspace:

Usage:
  Non-class:     55.53 MB used.
      Class:      9.80 MB used.
       Both:     65.33 MB used.

Virtual space:
  Non-class space:       64.00 MB reserved,      55.88 MB ( 87%) committed,  1 nodes.
      Class space:        1.00 GB reserved,      10.12 MB ( <1%) committed,  1 nodes.
             Both:        1.06 GB reserved,      66.00 MB (  6%) committed. 

Chunk freelists:
   Non-Class:  8.06 MB
       Class:  5.80 MB
        Both:  13.86 MB

MaxMetaspaceSize: unlimited
CompressedClassSpaceSize: 1.00 GB
Initial GC threshold: 21.00 MB
Current GC threshold: 110.00 MB
CDS: on
MetaspaceReclaimPolicy: balanced
 - commit_granule_bytes: 65536.
 - commit_granule_words: 8192.
 - virtual_space_node_default_size: 8388608.
 - enlarge_chunks_in_place: 1.
 - new_chunks_are_fully_committed: 0.
 - uncommit_free_chunks: 1.
 - use_allocation_guard: 0.
 - handle_deallocations: 1.


Internal statistics:

num_allocs_failed_limit: 9.
num_arena_births: 854.
num_arena_deaths: 0.
num_vsnodes_births: 2.
num_vsnodes_deaths: 0.
num_space_committed: 1056.
num_space_uncommitted: 0.
num_chunks_returned_to_freelist: 9.
num_chunks_taken_from_freelist: 3376.
num_chunk_merges: 9.
num_chunk_splits: 2479.
num_chunks_enlarged: 1971.
num_inconsistent_stats: 0.

CodeCache: size=49152Kb used=12684Kb max_used=14366Kb free=36467Kb
 bounds [0x0000022b41b00000, 0x0000022b42910000, 0x0000022b44b00000]
 total_blobs=8180 nmethods=7518 adapters=588
 compilation: enabled
              stopped_count=0, restarted_count=0
 full_count=0

Compilation events (20 events):
Event: 23.297 Thread 0x0000022b92af1860 7511       1       org.antlr.v4.runtime.Lexer::emit (51 bytes)
Event: 23.297 Thread 0x0000022b926f5e60 7512       1       org.antlr.v4.runtime.Lexer::getCharIndex (10 bytes)
Event: 23.298 Thread 0x0000022b926f5e60 nmethod 7512 0x0000022b42903f90 code [0x0000022b42904120, 0x0000022b42904238]
Event: 23.298 Thread 0x0000022b92af1860 nmethod 7511 0x0000022b42904310 code [0x0000022b429044c0, 0x0000022b429046e8]
Event: 23.437 Thread 0x0000022b92af1860 7513       1       org.antlr.v4.runtime.atn.ParserATNSimulator::computeTargetState (286 bytes)
Event: 23.438 Thread 0x0000022b926f5e60 7514   !   1       org.antlr.v4.runtime.atn.ParserATNSimulator::addDFAEdge (207 bytes)
Event: 23.441 Thread 0x0000022b92af1860 nmethod 7513 0x0000022b42904890 code [0x0000022b42904c20, 0x0000022b42905808]
Event: 23.442 Thread 0x0000022b926f5e60 nmethod 7514 0x0000022b42906010 code [0x0000022b42906340, 0x0000022b42906fc8]
Event: 23.683 Thread 0x0000022b926f5e60 7515       1       org.antlr.v4.runtime.misc.FlexibleHashMap::createEntryListArray (7 bytes)
Event: 23.683 Thread 0x0000022b926f5e60 nmethod 7515 0x0000022b42907710 code [0x0000022b429078a0, 0x0000022b429079d8]
Event: 24.879 Thread 0x0000022b4b7b38d0 7516       1       java.util.ArrayList::remove (26 bytes)
Event: 24.880 Thread 0x0000022b4b7b38d0 nmethod 7516 0x0000022b42481510 code [0x0000022b42481700, 0x0000022b42481b38]
Event: 25.679 Thread 0x0000022b4b7b38d0 7517       1       org.antlr.v4.runtime.misc.FlexibleHashMap::<init> (60 bytes)
Event: 25.680 Thread 0x0000022b4b7b38d0 nmethod 7517 0x0000022b42480f90 code [0x0000022b42481160, 0x0000022b42481408]
Event: 26.323 Thread 0x0000022b4b6b57f0 7518       1       org.antlr.v4.runtime.atn.PredictionMode::allConfigsInRuleStopStates (41 bytes)
Event: 26.323 Thread 0x0000022b4b6b57f0 nmethod 7518 0x0000022b42480990 code [0x0000022b42480b40, 0x0000022b42480de8]
Event: 27.632 Thread 0x0000022b4b6b57f0 7519       1       org.antlr.v4.runtime.atn.PredictionMode::hasSLLConflictTerminatingPrediction (109 bytes)
Event: 27.633 Thread 0x0000022b4b6b57f0 nmethod 7519 0x0000022b4247ff90 code [0x0000022b424801a0, 0x0000022b42480658]
Event: 27.988 Thread 0x0000022b4b6b57f0 7520       1       org.antlr.v4.runtime.DefaultErrorStrategy::endErrorCondition (16 bytes)
Event: 27.988 Thread 0x0000022b4b6b57f0 nmethod 7520 0x0000022b4247fc90 code [0x0000022b4247fe20, 0x0000022b4247ff18]

GC Heap History (20 events):
Event: 24.572 GC heap after
{Heap after GC invocations=26 (full 0):
 garbage-first heap   total 198656K, used 81221K [0x00000000a0c00000, 0x0000000100000000)
  region size 1024K, 4 young (4096K), 4 survivors (4096K)
 Metaspace       used 66897K, committed 67584K, reserved 1114112K
  class space    used 10038K, committed 10368K, reserved 1048576K
}
Event: 25.473 GC heap before
{Heap before GC invocations=27 (full 0):
 garbage-first heap   total 198656K, used 145733K [0x00000000a0c00000, 0x0000000100000000)
  region size 1024K, 67 young (68608K), 4 survivors (4096K)
 Metaspace       used 66897K, committed 67584K, reserved 1114112K
  class space    used 10038K, committed 10368K, reserved 1048576K
}
Event: 25.506 GC heap after
{Heap after GC invocations=28 (full 0):
 garbage-first heap   total 198656K, used 105380K [0x00000000a0c00000, 0x0000000100000000)
  region size 1024K, 9 young (9216K), 9 survivors (9216K)
 Metaspace       used 66897K, committed 67584K, reserved 1114112K
  class space    used 10038K, committed 10368K, reserved 1048576K
}
Event: 25.520 GC heap before
{Heap before GC invocations=28 (full 0):
 garbage-first heap   total 198656K, used 106404K [0x00000000a0c00000, 0x0000000100000000)
  region size 1024K, 10 young (10240K), 9 survivors (9216K)
 Metaspace       used 66897K, committed 67584K, reserved 1114112K
  class space    used 10038K, committed 10368K, reserved 1048576K
}
Event: 25.537 GC heap after
{Heap after GC invocations=29 (full 0):
 garbage-first heap   total 198656K, used 107714K [0x00000000a0c00000, 0x0000000100000000)
  region size 1024K, 2 young (2048K), 2 survivors (2048K)
 Metaspace       used 66897K, committed 67584K, reserved 1114112K
  class space    used 10038K, committed 10368K, reserved 1048576K
}
Event: 25.798 GC heap before
{Heap before GC invocations=29 (full 0):
 garbage-first heap   total 198656K, used 136386K [0x00000000a0c00000, 0x0000000100000000)
  region size 1024K, 31 young (31744K), 2 survivors (2048K)
 Metaspace       used 66897K, committed 67584K, reserved 1114112K
  class space    used 10038K, committed 10368K, reserved 1048576K
}
Event: 25.818 GC heap after
{Heap after GC invocations=30 (full 0):
 garbage-first heap   total 198656K, used 119808K [0x00000000a0c00000, 0x0000000100000000)
  region size 1024K, 6 young (6144K), 6 survivors (6144K)
 Metaspace       used 66897K, committed 67584K, reserved 1114112K
  class space    used 10038K, committed 10368K, reserved 1048576K
}
Event: 26.345 GC heap before
{Heap before GC invocations=31 (full 0):
 garbage-first heap   total 203776K, used 147456K [0x00000000a0c00000, 0x0000000100000000)
  region size 1024K, 36 young (36864K), 6 survivors (6144K)
 Metaspace       used 66897K, committed 67584K, reserved 1114112K
  class space    used 10038K, committed 10368K, reserved 1048576K
}
Event: 26.374 GC heap after
{Heap after GC invocations=32 (full 0):
 garbage-first heap   total 203776K, used 125475K [0x00000000a0c00000, 0x0000000100000000)
  region size 1024K, 5 young (5120K), 5 survivors (5120K)
 Metaspace       used 66897K, committed 67584K, reserved 1114112K
  class space    used 10038K, committed 10368K, reserved 1048576K
}
Event: 26.408 GC heap before
{Heap before GC invocations=32 (full 0):
 garbage-first heap   total 203776K, used 129571K [0x00000000a0c00000, 0x0000000100000000)
  region size 1024K, 9 young (9216K), 5 survivors (5120K)
 Metaspace       used 66897K, committed 67584K, reserved 1114112K
  class space    used 10038K, committed 10368K, reserved 1048576K
}
Event: 26.424 GC heap after
{Heap after GC invocations=33 (full 0):
 garbage-first heap   total 203776K, used 107947K [0x00000000a0c00000, 0x0000000100000000)
  region size 1024K, 2 young (2048K), 2 survivors (2048K)
 Metaspace       used 66897K, committed 67584K, reserved 1114112K
  class space    used 10038K, committed 10368K, reserved 1048576K
}
Event: 26.463 GC heap before
{Heap before GC invocations=33 (full 0):
 garbage-first heap   total 203776K, used 115115K [0x00000000a0c00000, 0x0000000100000000)
  region size 1024K, 9 young (9216K), 2 survivors (2048K)
 Metaspace       used 66897K, committed 67584K, reserved 1114112K
  class space    used 10038K, committed 10368K, reserved 1048576K
}
Event: 27.480 GC heap after
{Heap after GC invocations=34 (full 0):
 garbage-first heap   total 560128K, used 100232K [0x00000000a0c00000, 0x0000000100000000)
  region size 1024K, 2 young (2048K), 2 survivors (2048K)
 Metaspace       used 66897K, committed 67584K, reserved 1114112K
  class space    used 10038K, committed 10368K, reserved 1048576K
}
Event: 27.636 GC heap before
{Heap before GC invocations=34 (full 0):
 garbage-first heap   total 560128K, used 125832K [0x00000000a0c00000, 0x0000000100000000)
  region size 1024K, 27 young (27648K), 2 survivors (2048K)
 Metaspace       used 66897K, committed 67584K, reserved 1114112K
  class space    used 10038K, committed 10368K, reserved 1048576K
}
Event: 27.650 GC heap after
{Heap after GC invocations=35 (full 0):
 garbage-first heap   total 560128K, used 109504K [0x00000000a0c00000, 0x0000000100000000)
  region size 1024K, 4 young (4096K), 4 survivors (4096K)
 Metaspace       used 66897K, committed 67584K, reserved 1114112K
  class space    used 10038K, committed 10368K, reserved 1048576K
}
Event: 27.768 GC heap before
{Heap before GC invocations=35 (full 0):
 garbage-first heap   total 560128K, used 133056K [0x00000000a0c00000, 0x0000000100000000)
  region size 1024K, 27 young (27648K), 4 survivors (4096K)
 Metaspace       used 66897K, committed 67584K, reserved 1114112K
  class space    used 10038K, committed 10368K, reserved 1048576K
}
Event: 27.782 GC heap after
{Heap after GC invocations=36 (full 0):
 garbage-first heap   total 560128K, used 119394K [0x00000000a0c00000, 0x0000000100000000)
  region size 1024K, 4 young (4096K), 4 survivors (4096K)
 Metaspace       used 66897K, committed 67584K, reserved 1114112K
  class space    used 10038K, committed 10368K, reserved 1048576K
}
Event: 27.922 GC heap before
{Heap before GC invocations=36 (full 0):
 garbage-first heap   total 560128K, used 146018K [0x00000000a0c00000, 0x0000000100000000)
  region size 1024K, 27 young (27648K), 4 survivors (4096K)
 Metaspace       used 66897K, committed 67584K, reserved 1114112K
  class space    used 10038K, committed 10368K, reserved 1048576K
}
Event: 27.935 GC heap after
{Heap after GC invocations=37 (full 0):
 garbage-first heap   total 560128K, used 128865K [0x00000000a0c00000, 0x0000000100000000)
  region size 1024K, 4 young (4096K), 4 survivors (4096K)
 Metaspace       used 66897K, committed 67584K, reserved 1114112K
  class space    used 10038K, committed 10368K, reserved 1048576K
}
Event: 28.028 GC heap before
{Heap before GC invocations=37 (full 0):
 garbage-first heap   total 560128K, used 152417K [0x00000000a0c00000, 0x0000000100000000)
  region size 1024K, 27 young (27648K), 4 survivors (4096K)
 Metaspace       used 66897K, committed 67584K, reserved 1114112K
  class space    used 10038K, committed 10368K, reserved 1048576K
}

Dll operation events (12 events):
Event: 0.034 Loaded shared library C:\Users\alvar\.jdks\ms-17.0.19\bin\java.dll
Event: 0.082 Loaded shared library C:\Users\alvar\.jdks\ms-17.0.19\bin\jsvml.dll
Event: 0.673 Loaded shared library C:\Users\alvar\.jdks\ms-17.0.19\bin\zip.dll
Event: 0.682 Loaded shared library C:\Users\alvar\.jdks\ms-17.0.19\bin\instrument.dll
Event: 0.709 Loaded shared library C:\Users\alvar\.jdks\ms-17.0.19\bin\net.dll
Event: 0.721 Loaded shared library C:\Users\alvar\.jdks\ms-17.0.19\bin\nio.dll
Event: 0.731 Loaded shared library C:\Users\alvar\.jdks\ms-17.0.19\bin\zip.dll
Event: 1.254 Loaded shared library C:\Users\alvar\.jdks\ms-17.0.19\bin\extnet.dll
Event: 1.346 Loaded shared library C:\Users\alvar\.jdks\ms-17.0.19\bin\jimage.dll
Event: 5.660 Loaded shared library C:\Users\alvar\.jdks\ms-17.0.19\bin\sunmscapi.dll
Event: 10.572 Loaded shared library C:\Users\alvar\.jdks\ms-17.0.19\bin\management.dll
Event: 10.587 Loaded shared library C:\Users\alvar\.jdks\ms-17.0.19\bin\management_ext.dll

Deoptimization events (10 events):
Event: 5.535 Thread 0x0000022b385ebc30 DEOPT PACKING pc=0x0000022b4208db30 sp=0x000000fdab6fe8e0
Event: 5.535 Thread 0x0000022b385ebc30 DEOPT UNPACKING pc=0x0000022b41b57143 sp=0x000000fdab6fde18 mode 0
Event: 14.169 Thread 0x0000022b91a7bf60 DEOPT PACKING pc=0x0000022b41f20c17 sp=0x000000fdad4ff1b0
Event: 14.169 Thread 0x0000022b91a7bf60 DEOPT UNPACKING pc=0x0000022b41b57143 sp=0x000000fdad4fe608 mode 3
Event: 14.169 Thread 0x0000022b385ebc30 DEOPT PACKING pc=0x0000022b41f3c181 sp=0x000000fdab6f9df0
Event: 14.169 Thread 0x0000022b385ebc30 DEOPT UNPACKING pc=0x0000022b41b57143 sp=0x000000fdab6f9280 mode 3
Event: 16.815 Thread 0x0000022b385ebc30 DEOPT PACKING pc=0x0000022b42567cf4 sp=0x000000fdab6f8fa0
Event: 16.815 Thread 0x0000022b385ebc30 DEOPT UNPACKING pc=0x0000022b41b57143 sp=0x000000fdab6f8438 mode 0
Event: 17.742 Thread 0x0000022b385ebc30 DEOPT PACKING pc=0x0000022b4276fb6c sp=0x000000fdab6f9860
Event: 17.742 Thread 0x0000022b385ebc30 DEOPT UNPACKING pc=0x0000022b41b57143 sp=0x000000fdab6f8dd8 mode 0

Classes loaded (20 events):
Event: 20.801 Loading class javax/net/ssl/SSLException
Event: 20.802 Loading class javax/net/ssl/SSLException done
Event: 20.841 Loading class java/nio/channels/CompletionHandler
Event: 20.842 Loading class java/nio/channels/CompletionHandler done
Event: 21.107 Loading class java/util/EmptyStackException
Event: 21.108 Loading class java/util/EmptyStackException done
Event: 21.496 Loading class java/io/InvalidClassException
Event: 21.496 Loading class java/io/InvalidClassException done
Event: 21.515 Loading class java/util/ArrayList$ListItr
Event: 21.515 Loading class java/util/ArrayList$ListItr done
Event: 22.616 Loading class java/lang/invoke/MethodHandleImpl$CountingWrapper$1
Event: 22.617 Loading class java/lang/invoke/MethodHandleImpl$CountingWrapper$1 done
Event: 22.639 Loading class sun/reflect/ReflectionFactory
Event: 22.639 Loading class sun/reflect/ReflectionFactory done
Event: 22.640 Loading class sun/reflect/ReflectionFactory$1
Event: 22.640 Loading class sun/reflect/ReflectionFactory$1 done
Event: 22.640 Loading class java/io/OptionalDataException
Event: 22.640 Loading class java/io/OptionalDataException done
Event: 22.641 Loading class jdk/internal/reflect/SerializationConstructorAccessorImpl
Event: 22.641 Loading class jdk/internal/reflect/SerializationConstructorAccessorImpl done

Classes unloaded (0 events):
No events

Classes redefined (0 events):
No events

Internal exceptions (20 events):
Event: 20.487 Thread 0x0000022b385ebc30 Exception <a 'java/lang/IncompatibleClassChangeError'{0x00000000a7335198}: Found class java.lang.Object, but interface was expected> (0x00000000a7335198) 
thrown [s\src\hotspot\share\interpreter\linkResolver.cpp, line 826]
Event: 20.607 Thread 0x0000022b385ebc30 Exception <a 'java/lang/NoSuchMethodError'{0x00000000a5e32200}: 'java.lang.Object java.lang.invoke.DirectMethodHandle$Holder.invokeStatic(java.lang.Object, int, java.lang.Object)'> (0x00000000a5e32200) 
thrown [s\src\hotspot\share\interpreter\linkResolver.cpp, line 759]
Event: 20.633 Thread 0x0000022b385ebc30 Exception <a 'java/lang/reflect/InvocationTargetException'{0x00000000a5e89168}> (0x00000000a5e89168) 
thrown [s\src\hotspot\share\runtime\reflection.cpp, line 1128]
Event: 20.636 Thread 0x0000022b385ebc30 Exception <a 'java/lang/reflect/InvocationTargetException'{0x00000000a5e94520}> (0x00000000a5e94520) 
thrown [s\src\hotspot\share\runtime\reflection.cpp, line 1128]
Event: 20.648 Thread 0x0000022b385ebc30 Exception <a 'java/lang/reflect/InvocationTargetException'{0x00000000a5eafd90}> (0x00000000a5eafd90) 
thrown [s\src\hotspot\share\runtime\reflection.cpp, line 1128]
Event: 20.653 Thread 0x0000022b385ebc30 Exception <a 'java/lang/reflect/InvocationTargetException'{0x00000000a5ebe398}> (0x00000000a5ebe398) 
thrown [s\src\hotspot\share\runtime\reflection.cpp, line 1128]
Event: 20.842 Thread 0x0000022b385ebc30 Exception <a 'java/lang/NoSuchMethodError'{0x00000000a5989888}: 'long java.lang.invoke.DirectMethodHandle$Holder.invokeVirtual(java.lang.Object, java.lang.Object)'> (0x00000000a5989888) 
thrown [s\src\hotspot\share\interpreter\linkResolver.cpp, line 759]
Event: 20.911 Thread 0x0000022b385ebc30 Exception <a 'java/lang/NoSuchMethodError'{0x00000000a5752b70}: 'void java.lang.invoke.DirectMethodHandle$Holder.invokeVirtual(java.lang.Object, java.lang.Object, long)'> (0x00000000a5752b70) 
thrown [s\src\hotspot\share\interpreter\linkResolver.cpp, line 759]
Event: 20.972 Thread 0x0000022b385ebc30 Exception <a 'java/lang/reflect/InvocationTargetException'{0x00000000a55c6c98}> (0x00000000a55c6c98) 
thrown [s\src\hotspot\share\runtime\reflection.cpp, line 1128]
Event: 21.022 Thread 0x0000022b385ebc30 Exception <a 'java/lang/reflect/InvocationTargetException'{0x00000000a53f7e60}> (0x00000000a53f7e60) 
thrown [s\src\hotspot\share\runtime\reflection.cpp, line 1128]
Event: 21.038 Thread 0x0000022b385ebc30 Exception <a 'java/lang/reflect/InvocationTargetException'{0x00000000a4e23510}> (0x00000000a4e23510) 
thrown [s\src\hotspot\share\runtime\reflection.cpp, line 1128]
Event: 22.343 Thread 0x0000022b385ebc30 Exception <a 'java/lang/reflect/InvocationTargetException'{0x00000000a59a6190}> (0x00000000a59a6190) 
thrown [s\src\hotspot\share\runtime\reflection.cpp, line 1128]
Event: 22.346 Thread 0x0000022b385ebc30 Exception <a 'java/lang/reflect/InvocationTargetException'{0x00000000a59b80a8}> (0x00000000a59b80a8) 
thrown [s\src\hotspot\share\runtime\reflection.cpp, line 1128]
Event: 22.455 Thread 0x0000022b385ebc30 Exception <a 'java/lang/reflect/InvocationTargetException'{0x00000000a55077e8}> (0x00000000a55077e8) 
thrown [s\src\hotspot\share\runtime\reflection.cpp, line 1128]
Event: 22.461 Thread 0x0000022b385ebc30 Exception <a 'java/lang/reflect/InvocationTargetException'{0x00000000a55202f0}> (0x00000000a55202f0) 
thrown [s\src\hotspot\share\runtime\reflection.cpp, line 1128]
Event: 22.468 Thread 0x0000022b385ebc30 Exception <a 'java/lang/reflect/InvocationTargetException'{0x00000000a553a838}> (0x00000000a553a838) 
thrown [s\src\hotspot\share\runtime\reflection.cpp, line 1128]
Event: 22.471 Thread 0x0000022b385ebc30 Exception <a 'java/lang/reflect/InvocationTargetException'{0x00000000a5549000}> (0x00000000a5549000) 
thrown [s\src\hotspot\share\runtime\reflection.cpp, line 1128]
Event: 22.474 Thread 0x0000022b385ebc30 Exception <a 'java/lang/reflect/InvocationTargetException'{0x00000000a5555a68}> (0x00000000a5555a68) 
thrown [s\src\hotspot\share\runtime\reflection.cpp, line 1128]
Event: 22.545 Thread 0x0000022b385ebc30 Exception <a 'java/lang/reflect/InvocationTargetException'{0x00000000a520b068}> (0x00000000a520b068) 
thrown [s\src\hotspot\share\runtime\reflection.cpp, line 1128]
Event: 22.602 Thread 0x0000022b385ebc30 Exception <a 'java/lang/NoSuchMethodError'{0x00000000a51f7730}: 'int java.lang.invoke.DirectMethodHandle$Holder.invokeStaticInit(java.lang.Object, int, java.lang.Object, java.lang.Object, java.lang.Object, java.lang.Object)'> (0x00000000a51f7730) 
thrown [s\src\hotspot\share\interpreter\linkResolver.cpp, line 759]

VM Operations (20 events):
Event: 25.537 Executing VM operation: G1CollectForAllocation done
Event: 25.798 Executing VM operation: G1TryInitiateConcMark
Event: 25.818 Executing VM operation: G1TryInitiateConcMark done
Event: 25.971 Executing VM operation: G1PauseRemark
Event: 25.981 Executing VM operation: G1PauseRemark done
Event: 26.049 Executing VM operation: G1PauseCleanup
Event: 26.050 Executing VM operation: G1PauseCleanup done
Event: 26.345 Executing VM operation: G1CollectForAllocation
Event: 26.374 Executing VM operation: G1CollectForAllocation done
Event: 26.408 Executing VM operation: G1CollectForAllocation
Event: 26.424 Executing VM operation: G1CollectForAllocation done
Event: 26.463 Executing VM operation: G1CollectForAllocation
Event: 27.480 Executing VM operation: G1CollectForAllocation done
Event: 27.636 Executing VM operation: G1CollectForAllocation
Event: 27.650 Executing VM operation: G1CollectForAllocation done
Event: 27.768 Executing VM operation: G1CollectForAllocation
Event: 27.782 Executing VM operation: G1CollectForAllocation done
Event: 27.922 Executing VM operation: G1CollectForAllocation
Event: 27.935 Executing VM operation: G1CollectForAllocation done
Event: 28.028 Executing VM operation: G1CollectForAllocation

Memory protections (0 events):
No events

Nmethod flushes (0 events):
No events

Events (20 events):
Event: 0.616 Thread 0x0000022b385ebc30 Thread added: 0x0000022b4b6825e0
Event: 0.644 Thread 0x0000022b4b6b57f0 Thread added: 0x0000022b4b7b38d0
Event: 1.188 Thread 0x0000022b385ebc30 Thread added: 0x0000022b910cad90
Event: 1.189 Thread 0x0000022b385ebc30 Thread added: 0x0000022b910cb270
Event: 3.566 Thread 0x0000022b385ebc30 Thread added: 0x0000022b9162cc10
Event: 5.558 Thread 0x0000022b385ebc30 Thread added: 0x0000022b9176f9f0
Event: 5.654 Thread 0x0000022b9176f9f0 Thread exited: 0x0000022b9176f9f0
Event: 5.672 Thread 0x0000022b9162cc10 Thread exited: 0x0000022b9162cc10
Event: 11.044 Thread 0x0000022b385ebc30 Thread added: 0x0000022b91ed6510
Event: 14.159 Thread 0x0000022b385ebc30 Thread added: 0x0000022b91a7bf60
Event: 14.285 Thread 0x0000022b91a7bf60 Thread added: 0x0000022b91a7ab20
Event: 15.469 Thread 0x0000022b4b6b57f0 Thread added: 0x0000022b926f5e60
Event: 17.154 Thread 0x0000022b926f5e60 Thread added: 0x0000022b92af1860
Event: 19.964 Thread 0x0000022b91a7ab20 Thread exited: 0x0000022b91a7ab20
Event: 20.870 Thread 0x0000022b385ebc30 Thread added: 0x0000022b928324a0
Event: 20.873 Thread 0x0000022b928324a0 Thread added: 0x0000022b928329b0
Event: 20.883 Thread 0x0000022b385ebc30 Thread added: 0x0000022b928338e0
Event: 24.879 Thread 0x0000022b926f5e60 Thread exited: 0x0000022b926f5e60
Event: 24.879 Thread 0x0000022b92af1860 Thread exited: 0x0000022b92af1860
Event: 26.323 Thread 0x0000022b4b7b38d0 Thread exited: 0x0000022b4b7b38d0


Dynamic libraries:
0x00007ff7d38d0000 - 0x00007ff7d38de000 	C:\Users\alvar\.jdks\ms-17.0.19\bin\java.exe
0x00007ffe34400000 - 0x00007ffe34666000 	C:\WINDOWS\SYSTEM32\ntdll.dll
0x00007ffe04650000 - 0x00007ffe04671000 	C:\Program Files\Norton\Suite\aswhook.dll
0x00007ffe32e40000 - 0x00007ffe32f09000 	C:\WINDOWS\System32\KERNEL32.DLL
0x00007ffe31cf0000 - 0x00007ffe320ee000 	C:\WINDOWS\System32\KERNELBASE.dll
0x00007ffe317a0000 - 0x00007ffe318ec000 	C:\WINDOWS\System32\ucrtbase.dll
0x00007ffe1cd40000 - 0x00007ffe1cd58000 	C:\Users\alvar\.jdks\ms-17.0.19\bin\jli.dll
0x00007ffe32920000 - 0x00007ffe32ae7000 	C:\WINDOWS\System32\USER32.dll
0x00007ffe32100000 - 0x00007ffe32127000 	C:\WINDOWS\System32\win32u.dll
0x00007ffe32bf0000 - 0x00007ffe32c1b000 	C:\WINDOWS\System32\GDI32.dll
0x00007ffe31bc0000 - 0x00007ffe31cea000 	C:\WINDOWS\System32\gdi32full.dll
0x00007ffe31900000 - 0x00007ffe319a3000 	C:\WINDOWS\System32\msvcp_win.dll
0x00007ffdeb490000 - 0x00007ffdeb4ae000 	C:\Users\alvar\.jdks\ms-17.0.19\bin\VCRUNTIME140.dll
0x00007ffe1f220000 - 0x00007ffe1f4b2000 	C:\WINDOWS\WinSxS\amd64_microsoft.windows.common-controls_6595b64144ccf1df_6.0.26100.8875_none_3e0d5d42e32fe9dd\COMCTL32.dll
0x00007ffe324b0000 - 0x00007ffe32559000 	C:\WINDOWS\System32\msvcrt.dll
0x00007ffe32bb0000 - 0x00007ffe32be2000 	C:\WINDOWS\System32\IMM32.DLL
0x00007ffe1a530000 - 0x00007ffe1a53c000 	C:\Users\alvar\.jdks\ms-17.0.19\bin\vcruntime140_1.dll
0x00007ffd9f780000 - 0x00007ffd9f809000 	C:\Users\alvar\.jdks\ms-17.0.19\bin\msvcp140.dll
0x00007ffd54730000 - 0x00007ffd553ab000 	C:\Users\alvar\.jdks\ms-17.0.19\bin\server\jvm.dll
0x00007ffe32af0000 - 0x00007ffe32ba7000 	C:\WINDOWS\System32\ADVAPI32.dll
0x00007ffe33930000 - 0x00007ffe339da000 	C:\WINDOWS\System32\sechost.dll
0x00007ffe32c20000 - 0x00007ffe32d38000 	C:\WINDOWS\System32\RPCRT4.dll
0x00007ffe342d0000 - 0x00007ffe34350000 	C:\WINDOWS\System32\WS2_32.dll
0x00007ffe28770000 - 0x00007ffe287a6000 	C:\WINDOWS\SYSTEM32\WINMM.dll
0x00007ffe28760000 - 0x00007ffe2876b000 	C:\WINDOWS\SYSTEM32\VERSION.dll
0x00007ffe31480000 - 0x00007ffe314de000 	C:\WINDOWS\SYSTEM32\POWRPROF.dll
0x00007ffe31450000 - 0x00007ffe31464000 	C:\WINDOWS\SYSTEM32\UMPDC.dll
0x00007ffe30300000 - 0x00007ffe3031b000 	C:\WINDOWS\SYSTEM32\kernel.appcore.dll
0x00007ffe17520000 - 0x00007ffe1752a000 	C:\Users\alvar\.jdks\ms-17.0.19\bin\jimage.dll
0x00007ffe2eaf0000 - 0x00007ffe2ed32000 	C:\WINDOWS\SYSTEM32\DBGHELP.DLL
0x00007ffe32580000 - 0x00007ffe32903000 	C:\WINDOWS\System32\combase.dll
0x00007ffe32310000 - 0x00007ffe323e9000 	C:\WINDOWS\System32\OLEAUT32.dll
0x00007ffe21090000 - 0x00007ffe210cb000 	C:\WINDOWS\SYSTEM32\dbgcore.DLL
0x00007ffe31a40000 - 0x00007ffe31aec000 	C:\WINDOWS\System32\bcryptPrimitives.dll
0x00007ffe147f0000 - 0x00007ffe147ff000 	C:\Users\alvar\.jdks\ms-17.0.19\bin\instrument.dll
0x00007ffddfc60000 - 0x00007ffddfc86000 	C:\Users\alvar\.jdks\ms-17.0.19\bin\java.dll
0x00007ffd9a8d0000 - 0x00007ffd9a9a6000 	C:\Users\alvar\.jdks\ms-17.0.19\bin\jsvml.dll
0x00007ffe32f20000 - 0x00007ffe336b2000 	C:\WINDOWS\System32\SHELL32.dll
0x00007ffe2f100000 - 0x00007ffe2f992000 	C:\WINDOWS\SYSTEM32\windows.storage.dll
0x00007ffe32d40000 - 0x00007ffe32e37000 	C:\WINDOWS\System32\SHCORE.dll
0x00007ffe32410000 - 0x00007ffe32477000 	C:\WINDOWS\System32\shlwapi.dll
0x00007ffe31540000 - 0x00007ffe31569000 	C:\WINDOWS\SYSTEM32\profapi.dll
0x00007ffde9270000 - 0x00007ffde9288000 	C:\Users\alvar\.jdks\ms-17.0.19\bin\zip.dll
0x00007ffdeb440000 - 0x00007ffdeb45b000 	C:\Users\alvar\.jdks\ms-17.0.19\bin\net.dll
0x00007ffe28fe0000 - 0x00007ffe29107000 	C:\WINDOWS\SYSTEM32\WINHTTP.dll
0x00007ffe308b0000 - 0x00007ffe3091c000 	C:\WINDOWS\system32\mswsock.dll
0x00007ffde9e30000 - 0x00007ffde9e46000 	C:\Users\alvar\.jdks\ms-17.0.19\bin\nio.dll
0x00007ffe14410000 - 0x00007ffe14419000 	C:\Users\alvar\.jdks\ms-17.0.19\bin\extnet.dll
0x00007ffe0cb20000 - 0x00007ffe0cb2e000 	C:\Users\alvar\.jdks\ms-17.0.19\bin\sunmscapi.dll
0x00007ffe31620000 - 0x00007ffe31798000 	C:\WINDOWS\System32\CRYPT32.dll
0x00007ffe30df0000 - 0x00007ffe30e20000 	C:\WINDOWS\SYSTEM32\ncrypt.dll
0x00007ffe30da0000 - 0x00007ffe30ddf000 	C:\WINDOWS\SYSTEM32\NTASN1.dll
0x00007ffe30bb0000 - 0x00007ffe30bcb000 	C:\WINDOWS\SYSTEM32\CRYPTSP.dll
0x00007ffe30260000 - 0x00007ffe30299000 	C:\WINDOWS\system32\rsaenh.dll
0x00007ffe30970000 - 0x00007ffe309a2000 	C:\WINDOWS\SYSTEM32\USERENV.dll
0x00007ffe31510000 - 0x00007ffe3153a000 	C:\WINDOWS\SYSTEM32\bcrypt.dll
0x00007ffe30bd0000 - 0x00007ffe30bdc000 	C:\WINDOWS\SYSTEM32\CRYPTBASE.dll
0x00007ffe2fcd0000 - 0x00007ffe2fd03000 	C:\WINDOWS\SYSTEM32\IPHLPAPI.DLL
0x00007ffe33ef0000 - 0x00007ffe33efa000 	C:\WINDOWS\System32\NSI.dll
0x00007ffe29420000 - 0x00007ffe2943d000 	C:\WINDOWS\SYSTEM32\dhcpcsvc6.DLL
0x00007ffe28e40000 - 0x00007ffe28e65000 	C:\WINDOWS\SYSTEM32\dhcpcsvc.DLL
0x00007ffe2fdc0000 - 0x00007ffe2ff16000 	C:\WINDOWS\SYSTEM32\DNSAPI.dll
0x00007ffe30690000 - 0x00007ffe3069d000 	C:\WINDOWS\SYSTEM32\DSPARSE.dll
0x00007ffe13c50000 - 0x00007ffe13c5a000 	C:\Users\alvar\.jdks\ms-17.0.19\bin\management.dll
0x00007ffe0dbf0000 - 0x00007ffe0dbfc000 	C:\Users\alvar\.jdks\ms-17.0.19\bin\management_ext.dll
0x00007ffe32f10000 - 0x00007ffe32f18000 	C:\WINDOWS\System32\PSAPI.DLL
0x00007ffe29b20000 - 0x00007ffe29b2b000 	C:\Windows\System32\rasadhlp.dll
0x00007ffe25630000 - 0x00007ffe256b6000 	C:\WINDOWS\System32\fwpuclnt.dll

dbghelp: loaded successfully - version: 4.0.5 - missing functions: none
symbol engine: initialized successfully - sym options: 0x614 - pdb path: .;C:\Users\alvar\.jdks\ms-17.0.19\bin;C:\WINDOWS\SYSTEM32;C:\Program Files\Norton\Suite;C:\WINDOWS\WinSxS\amd64_microsoft.windows.common-controls_6595b64144ccf1df_6.0.26100.8875_none_3e0d5d42e32fe9dd;C:\Users\alvar\.jdks\ms-17.0.19\bin\server

VM Arguments:
jvm_args: -XX:TieredStopAtLevel=1 -Dspring.output.ansi.enabled=always -javaagent:C:\Program Files\JetBrains\IntelliJ IDEA 2025.2.3\lib\idea_rt.jar=61675 -Dfile.encoding=UTF-8 
java_command: com.Control.Inventario.InventarioApplication
java_class_path (initial): C:\Users\alvar\Documents\Practicando_Programacion\Inventario\BackEnd-Inventario\target\classes;C:\Users\alvar\.m2\repository\org\springframework\boot\spring-boot-starter-web\3.5.7\spring-boot-starter-web-3.5.7.jar;C:\Users\alvar\.m2\repository\org\springframework\boot\spring-boot-starter\3.5.7\spring-boot-starter-3.5.7.jar;C:\Users\alvar\.m2\repository\org\springframework\boot\spring-boot\3.5.7\spring-boot-3.5.7.jar;C:\Users\alvar\.m2\repository\org\springframework\boot\spring-boot-autoconfigure\3.5.7\spring-boot-autoconfigure-3.5.7.jar;C:\Users\alvar\.m2\repository\org\springframework\boot\spring-boot-starter-logging\3.5.7\spring-boot-starter-logging-3.5.7.jar;C:\Users\alvar\.m2\repository\ch\qos\logback\logback-classic\1.5.20\logback-classic-1.5.20.jar;C:\Users\alvar\.m2\repository\ch\qos\logback\logback-core\1.5.20\logback-core-1.5.20.jar;C:\Users\alvar\.m2\repository\org\apache\logging\log4j\log4j-to-slf4j\2.24.3\log4j-to-slf4j-2.24.3.jar;C:\Users\alvar\.m2\repository\org\slf4j\jul-to-slf4j\2.0.17\jul-to-slf4j-2.0.17.jar;C:\Users\alvar\.m2\repository\jakarta\annotation\jakarta.annotation-api\2.1.1\jakarta.annotation-api-2.1.1.jar;C:\Users\alvar\.m2\repository\org\yaml\snakeyaml\2.4\snakeyaml-2.4.jar;C:\Users\alvar\.m2\repository\org\springframework\boot\spring-boot-starter-json\3.5.7\spring-boot-starter-json-3.5.7.jar;C:\Users\alvar\.m2\repository\com\fasterxml\jackson\datatype\jackson-datatype-jdk8\2.19.2\jackson-datatype-jdk8-2.19.2.jar;C:\Users\alvar\.m2\repository\com\fasterxml\jackson\datatype\jackson-datatype-jsr310\2.19.2\jackson-datatype-jsr310-2.19.2.jar;C:\Users\alvar\.m2\repository\com\fasterxml\jackson\module\jackson-module-parameter-names\2.19.2\jackson-module-parameter-names-2.19.2.jar;C:\Users\alvar\.m2\repository\org\springframework\boot\spring-boot-starter-tomcat\3.5.7\spring-boot-starter-tomcat-3.5.7.jar;C:\Users\alvar\.m2\repository\org\apache\tomcat\embed\tomcat-embed-core\10.1.48\tomcat-embed-core-10.1.48.jar;C:\
Launcher Type: SUN_STANDARD

[Global flags]
     intx CICompilerCount                          = 4                                         {product} {ergonomic}
     uint ConcGCThreads                            = 2                                         {product} {ergonomic}
     uint G1ConcRefinementThreads                  = 8                                         {product} {ergonomic}
   size_t G1HeapRegionSize                         = 1048576                                   {product} {ergonomic}
    uintx GCDrainStackTargetSize                   = 64                                        {product} {ergonomic}
   size_t InitialHeapSize                          = 100663296                                 {product} {ergonomic}
   size_t MarkStackSize                            = 4194304                                   {product} {ergonomic}
   size_t MaxHeapSize                              = 1598029824                                {product} {ergonomic}
   size_t MaxNewSize                               = 958398464                                 {product} {ergonomic}
   size_t MinHeapDeltaBytes                        = 1048576                                   {product} {ergonomic}
   size_t MinHeapSize                              = 8388608                                   {product} {ergonomic}
    uintx NonProfiledCodeHeapSize                  = 0                                      {pd product} {ergonomic}
     bool ProfileInterpreter                       = false                                  {pd product} {command line}
    uintx ProfiledCodeHeapSize                     = 0                                      {pd product} {ergonomic}
   size_t SoftMaxHeapSize                          = 1598029824                             {manageable} {ergonomic}
     intx TieredStopAtLevel                        = 1                                         {product} {command line}
     bool UseCompressedClassPointers               = true                           {product lp64_product} {ergonomic}
     bool UseCompressedOops                        = true                           {product lp64_product} {ergonomic}
     bool UseG1GC                                  = true                                      {product} {ergonomic}
     bool UseLargePagesIndividualAllocation        = false                                  {pd product} {ergonomic}

Logging:
Log output configuration:
 #0: stdout all=warning uptime,level,tags
 #1: stderr all=off uptime,level,tags

Environment Variables:
JAVA_HOME=C:\Program Files\Eclipse Adoptium\jdk-17.0.18.8-hotspot\
PATH=C:\app\alvar\product\26ai\dbhomeFree\bin;C:\Program Files\Eclipse Adoptium\jdk-17.0.18.8-hotspot\bin;C:\Python314\Scripts\;C:\Python314\;C:\Program Files\Eclipse Adoptium\jdk-21.0.9.10-hotspot\bin;C:\Program Files\Eclipse Adoptium\jdk-25.0.0.36-hotspot\bin;C:\WINDOWS\system32;C:\WINDOWS;C:\WINDOWS\System32\Wbem;C:\WINDOWS\System32\WindowsPowerShell\v1.0\;C:\WINDOWS\System32\OpenSSH\;C:\ProgramData\chocolatey\bin;C:\Program Files\Microsoft VS Code\bin;C:\Program Files\Apache-maven\apache-maven-3.9.11\bin;C:\VXIPNP\WinNT\Bin;C:\Program Files\Git\cmd;C:\Program Files\nodejs\;C:\Users\alvar\AppData\Local\Programs\Python\Launcher\;C:\Users\alvar\AppData\Local\Microsoft\WindowsApps;C:\Users\alvar\AppData\Local\Programs\Microsoft VS Code\bin;C:\Users\alvar\AppData\Local\GitHubDesktop\bin;C:\Program Files\JetBrains\IntelliJ IDEA 2025.2.3\bin;C:\Program Files\maven-mvnd-1.0.3-windows-amd64\bin;C:\Users\alvar\AppData\Roaming\npm
USERNAME=alvar
OS=Windows_NT
PROCESSOR_IDENTIFIER=AMD64 Family 23 Model 24 Stepping 1, AuthenticAMD
TMP=C:\Users\alvar\AppData\Local\Temp
TEMP=C:\Users\alvar\AppData\Local\Temp



Periodic native trim disabled


---------------  S Y S T E M  ---------------

OS:
 Windows 11 , 64 bit Build 26100 (10.0.26100.8875)
OS uptime: 9 days 7:11 hours

CPU: total 8 (initial active 8) (8 cores per cpu, 2 threads per core) family 23 model 24 stepping 1 microcode 0x8108109, cx8, cmov, fxsr, ht, mmx, 3dnowpref, sse, sse2, sse3, ssse3, sse4a, sse4.1, sse4.2, popcnt, lzcnt, tsc, tscinvbit, avx, avx2, aes, clmul, bmi1, bmi2, adx, sha, fma, vzeroupper, clflush, clflushopt
Processor Information for the first 8 processors :
  Max Mhz: 2100, Current Mhz: 2100, Mhz Limit: 2100

Memory: 4k page, system-wide physical 6090M (346M free)
TotalPageFile size 24522M (AvailPageFile size 83M)
current process WorkingSet (physical memory assigned to process): 368M, peak: 368M
current process commit charge ("private bytes"): 756M, peak: 1128M

vm_info: OpenJDK 64-Bit Server VM (17.0.19+10-LTS) for windows-amd64 JRE (17.0.19+10-LTS), built on Apr 18 2026 18:24:40 by "MicrosoftCorporation" with MS VC++ 17.14 (VS2022)

END.
